01001111010100000:Other0131:Other07scape:Other0b0t:Other0bservat0ry:Other0magick:Other0x10c:Gaming0x3642:Other1000wordstories:Other100daycomicchallenge:Other100daysofketo:Lifestyle100daysofrejection:Other100movies365days:Entertainment100pushups:Lifestyle100sets:Lifestyle100thieves:Other100yearclub:General100yearsago:Social Science and Humanities1020304:Other1022:Hobbies and Interests104thworldproblems:Other105gamergatefa14:Other107point8wastelands:Other108394:Other1098thworldproblems:Other10cloverfieldlane:Entertainment10mm:Hobbies and Interests112263hulu:Entertainment1189thworldproblems:Other11bx1371:Other1200isplenty:Lifestyle1200isplentyketo:Lifestyle1204testcss:Other120fpsgameplay:Other12444:Other127thworldproblems:Other12in12:Gaming12keys:Other12monkeys:Other12thman:Sports12winarenalog:Other1337noooob:Other1338h4x:Other13reasonswhy:Entertainment13steinj:Other15mmscifi:Other16angrybears:Other16bars:Other17284thworldproblems:Other17draconised:Other17thlegion:Other18650masterrace:Other18_19:Adult and NSFW18_25:Other18bfriendzonest:Other1911:Hobbies and Interests1911fans:Other1914wasaserbianjob:Other195:General1980s:Social Science and Humanities1984:Other1984isreality:Other1985sweet1985:Other199999discussion:Other19chickens:Other1_stormageddon_1:Other1broker:Other1channel:Other1coinpool:Other1d12:Other1d6adventurers:Other1fcnuernberg:Other1hp:Other1istheway:Other1night2days:Other1p_lsd:Other1tsb1ackmag1c:Other2006scape:Other2007oneclan:Other2007scape:Gaming2007scape4:Other2007scapenomods:Other2016_elections:News and Politics2016elections:News and Politics2016protest:Other2016recount:Other2016splits:Other202halffound:Other2048:Gaming2048editions:Gaming209pokemongo:Other20psi:Other20ss:Other20thcenturyexperiment:Other20xxstories:Other2124:Other2124kkk:Other2124t:Other21savage:Other22lr:Hobbies and Interests23andme:Lifestyle240sx:Hobbies and Interests243vanilla:Other247game:Other24hoursofuhc:Other24hoursupport:Technology250words:Other2600:Other2665stuff:Other27thsc:Other28bridges:Other29979thworldproblems:Other29er:Hobbies and Interests2b2t:Gaming2b2tserver:Other2bx9s:Other2cb:Other2centsjournal:Other2d_love:Other2dnews:Other2fluoroketamine:Other2hourtracksundays:Other2k14oa:Other2klegendsleague:Other2koa:Other2krttf:Other2mad4madlads:General2meirl42meirl4meirl:General2meirl4meirl:General2minideas:Other2ne1:Music2old:Other2pm:Other2qb:Other2spooky4me:General2stepsback:Other2vaped:Other2x__intp:Other2x_intj:Lifestyle2xfantasyfootball:Other300blk:Hobbies and Interests300zx:Hobbies and Interests30daysit:Lifestyle30daysofsoylent:Other30press:Other30rock:Entertainment30secfantasy:Other30yearsofmadden:Other30yearsofmadden15:Other311:Music321:Locations328657982131321212:Other33000:Other3305local:Other332e313431353932:Other345thworldproblems:Other350:Other350z:Hobbies and Interests360ful:Other360playdate:Other360video:General365coin:Other365movies:Other370z:Hobbies and Interests3825:Other3932695:Other3950:Other3amjokes:General3b6539485a415452:Other3ch:Other3d6:Gaming3dfilamentreviews:Other3dma:Technology3dmodeling:Technology3dporncraft:Adult and NSFW3dprintdesigns:Other3dprinting:Technology3dprintmything:Technology3drequests:Other3ds:Gaming3dsbrewupdates:Other3dscanning:Technology3dsdeals:Gaming3dsgamenight:Gaming3dsgaming:Other3dshacks:Gaming3dsmax:Technology3dsph:Other3dspiracy:Other3framemovies:Entertainment3fvape:Other3gun:Hobbies and Interests3kliksphilip:Other3on3:Other3rdrockfromthesun:Other3yearsboys:Other4000dollarart:Other405th:Gaming40klore:Gaming40korkscience:Gaming40krpg:Gaming40something:Other413:Locations414c424154524f53532d:Other420:Other420code:Lifestyle42csstesting:Other42exp:Other432mystery:Other43civstream:Other45thworldproblems:General48hourcomic:Other49ers:Sports49erstickets:Other4_pr0n:Adult and NSFW4anl:Other4b4t:Other4cents4skins:Other4chan:Technology4chanm:Other4chanmeta:Technology4hourbodyslowcarb:Lifestyle4kporn:Other4ktv:Other4ofswordsdppprompts:Adult and NSFW4panelcringe:General4rum:Other4runner:Hobbies and Interests4sfg:Other4thinternational:Other4x4:Hobbies and Interests4x4carnage:Other4xgaming:Gaming501st:Entertainment502gamers:Other5050ism:Other5050jokes:Other50b:Other50fpsporn:Adult and NSFW50shadesofayy:Other515654561114:Other518circlejerk:Other5245thworldproblems:Other52book:Entertainment52books:Other52in52:Entertainment52makeupthemes:Lifestyle52weeksof3dprinting:Other52weeksofbaking:Lifestyle52weeksofcooking:Lifestyle52weeksofdesign:Technology52weeksofketo:Other52weeksofproduction:Other54thworldproblems:Other5555555:Locations555thworldproblems:Other59s:Other5by5dlc:Other5cardhearthstone:Other5eguides:Other5ignal5:Other5nafcirclejerk:Other5nafworld:Other5nailwrites:Other5u1c1de5quad:Adult and NSFW6000jokes:Other600euro:General60fps:Other60fpsgaminggifs:Gaming60fpskpop:Other60fpsporn:Adult and NSFW60smusic:Music60teams60days:Other62_526774_113_992411:Other63maui:Adult and NSFW64realquick:Other65grendel:Hobbies and Interests6661766f7269746563:Other666thworldproblems:Other675025142445098:Other67698thworldproblems:Other6773writing:Other6861796465:Other6a6k:Other6b6t:Other6e2e752e6c2e6c:Other6hats:Other6perks:Other6spam:Other6thform:Education6v6:Gaming707thworldproblems:Other72scale:Other747thworldpirates:Other747thworldproblems:Other778899thworldproblems:Other7cupsoftea:Other7darkrealms:Other7daystodie:Gaming7deadlysins:Other7dtd:Other7kglobal:Gaming7pakaadlaw:Other7string:Music7thfloor:Other7thsea:Other7thworldcirclejerk:Other7ty7:Other7zipmasterrace:Other800_pound_gorilla:Other808seduction:Adult and NSFW80s:Music80s_sandwich:Other80selectro:Music80shardcorepunk:Music80smusic:Music8901stworldproblems:Other8ballmc:Other8bit_kittylove:Adult and NSFW8bitbourbon:Other8chan:Technology8d555938976fc8b:Other8space:Other8tracks:Other90daybudget:Other90daysgoal:Lifestyle90s:General90salternative:Music90scartoons:Entertainment90sgames:Other90shiphop:Music911calls:Law911dispatchers:News and Politics911fanart:General911truth:News and Politics911truthers:Other944:Other95thworldproblems:Other973rdworldproblems:Other987654rdworldproblems:Other99gamers2:Other9gag:Meta9m9h9e9:General9orgasms:Adult and NSFW___:Othera000012:Othera10thunderbolt:Othera1speakinglistening:Othera1w133:Othera1w47:Othera2pokemongo:Othera4no:Othera6300:Othera858de45f56d9bc9:Generala_d:Othera_irsoft:Othera_little_naughty:Adult and NSFWa_mash_of_all_of_us:Othera_mystery_wrapped:Othera_randomless_chef:Othera_squatch:Otheraa_empire:Otheraa_op_rights:Otheraachen:Otheraacricketclub:Otheraadiscussions:Otheraal:Otheraaliyahdanahaughton:Otheraalto:Otheraamorph:Otheraap_logic:Otheraardvarktest123:Otheraarhus:Locationsaaron:Otheraaronswartz:Metaaasp:Otheraatroxmains:Otherabandoned:Generalabandonedporn:Generalabandonware:Gamingabbotsford:Otherabcdcirclejerk:Otherabcdesis:Generalabcdesiwomen:Otherabcoiaf:Otherabcqwerty123:Otherabcqwerty123mods:Otherabdada:Otherabdiscussion:Lifestyleabdl:Adult and NSFWabdlexchange:Adult and NSFWabdlpersonals:Adult and NSFWabdlstories:Adult and NSFWabductions:Otheraberdeen:Locationsaberdeenfc:Otheraberoth:Otheraberothfreedom:Otheraberothtrading:Otheraberystwyth:Locationsabetterworldnews:News and Politicsabgma:Otherabigailejohnson:Adult and NSFWabix:Otherableton:Technologyabletonfeedback:Otherabletonlive:Technologyabletonproductions:Otherabletonracks:Otherabode:Otherabolish:Otheraboringdystopia:Generalabortion:Scienceabotoficeandfire:Otherabout:Otherabout4001llamas:Otheraboutcatsstandingup:Otheraboutdopamine:Otheraboutrcanada:Otheraboutreddit:Otheraboveandbeyond:Musicabovetheboard:Otheraboxofroo:Otherabrathatfits:Lifestyleabraxas:Otherabraxasdarknetmarket:Otherabraxasmarket:Otherabraxasmarketplace:Otherabraxasreferrallinks:Otherabsolutelyme_irl:Otherabsolutelynotme_irl:Generalabsolutelyproductions:Otherabsolutistneoreaction:Otherabstergoindustries:Otherabstractalgebra:Otherabtfexperts:Otherabu_dhabi:Locationsabudhabi:Locationsabuse:Lifestyleabuseinterrupted:Lifestyleabuseporn2:Adult and NSFWabusevictims:Otherabv:Lifestyleabyssus:Otherabzugame:Otherac2:Otherac76:Otheracademia:Educationacademicbiblical:Lifestyleacademiceconomics:Businessacademicphilosophy:Social Science and Humanitiesacademicpsychology:Social Science and Humanitiesacademicreligion_myth:Otheracademictrivia:Otheracademicwriting:Otheracadia:Entertainmentacadiana:Locationsacappella:Musicacbanhammer:Otheracc:Educationaccelworld:Otheracceptingbtc:Otheraccessibility:Otheraccidentalalbumtitles:Otheraccidentalarcher:Otheraccidentalbaroque:Otheraccidentalcomedy:Generalaccidentalracism:Generalaccidentalrenaissance:Artaccidentalswastika:Generalaccidentalvampire:Otheraccioicarus:Otheraccordion:Hobbies and Interestsaccountant:Otheraccounting:Businessaccounting101:Otheraccountinghumor:Otheraccountingstudenthelp:Otheraccountshare:Otheraccountt1234:Otheraccuratebattlesim:Otheraccursedfarms:Otheraccursedkings:Otheraccusource:Adult and NSFWaccutane:Lifestyleacdc:Musicacdcgamer_dev:Otheracduplication:Gamingaceattorney:Gamingaceattorneycirclejerk:Otheracecombat:Gamingaceofangels8:Otheraceplace:Otheraceraspirelaptops:Otheracerofficial:Otheracestream:Otheracesup:Otheracfans:Otherachacking:Otherachacks:Otherachalasia:Otherachappyhome:Gamingachewood:Otherachievegreatness:Otherachievement_hunter:Gamingachievementsforlife:Otherachievementunlocked:Otherachousesfurniture:Otherachtzehn99:Otheracim:Otheracindependence:Otherackeronhut:Otheracl:Otheraclannamedreddit:Otheraclashofkings:Otheraclfestival:Otheraclu:Otheracm12808:Otheracmilan:Sportsacne:Lifestyleacnlgroup:Otheracnlpremium:Gamingacon_support:Otheraconlan:Otheracousticguitar:Hobbies and Interestsacousticoriginals:Musicacoustics:Otheracqr:Gamingacrl:Gamingacropolismarket:Otheracsbot:Otheracslb:Otheract:Educationacteuropa:Otheractimetravelers:Gamingacting:Entertainmentactionfigures:Entertainmentactionsongoogle:Otheractivator:Otheractivedirectory:Otheractivemeasures:Otheractivetraderoom:Otheractiveworlds:Otheractivism:News and Politicsactivistinvesting:Otheractivistmedia:Otheractivistsforbernie:Otheractlikeyoubelong:Generalactofaggression:Otheractonglobal:Otheractoverlayplugin:Otheractrade:Gamingactress:Otheractressesgossip:Otheractsofshibeness:Otheractualconservative:Otheractualconspiracies:News and Politicsactuallesbians:Lifestyleactuallifehacks:Otheractualmoney:Otheractualplayrpg:Otheractualwomen:Otheractuary:Scienceacturnips:Gamingacura:Hobbies and Interestsacura_rsx:Otheracworth:Locationsad2l:Otherada:Otheradafruit:Otheradagency:Otheradamanddrdrewshow:Otheradamantoise:Otheradamcarolla:Entertainmentadamdriver:Otheradamkaump:Otheradamruinseverything:Entertainmentadanicxsurvival:Otheradayatatime:Otheradblock:Otheradblockplus:Otheradc:Otheradderall:Lifestyleadderallhasme:Otheradderallphilosophy:Otheraddiction:Lifestyleaddons4kodi:Technologyaddyup:Otheradeadhead:Otheradelaide:Locationsadelaidefc:Otheradelaideunited:Otheradeptusmechanicus:Otheradfreetime:Entertainmentadhd:Lifestyleadhd_anxiety:Lifestyleadicalfeminismreborn:Otheradirondacks:Locationsadjectivenoun:Otheradkreddit:Otheradmalledd:Otheradmincraft:Gamingadminfanfics:Otheradminmythos:Otheradminsimulator:Otheradmintrans_ja:Otheradmu:Otheradnansyedcase:Otheradnd:Gamingadobe:Otheradobeaudition:Otheradobeillustrator:Technologyadops:Businessadoptanewbie:Generaladoptareddit:Metaadoptasilver:Gamingadoption:Lifestyleadoptiveparents:Lifestyleadoptmyvillager:Gamingadorabledragons:Generaladorableporn:Adult and NSFWadporn:Generaladrenaline:Hobbies and Interestsadrenalineporn:Generalads:Generaladsb:Otheradsense:Otheradtr:Musicadultbedwetting:Otheradultbreastfeeding:Lifestyleadultcomicscollection:Otheradultdiapers:Otheradulteducation:Educationadultery:Lifestyleadultgamedev:Adult and NSFWadulthate:Otheradultnursing:Adult and NSFWadultsubs:Otheradultsurvivors:Lifestyleadultswim:Entertainmentadulttalk101:Otheradultvrgames:Adult and NSFWadurofiles:Otheradvance_wars:Gamingadvancedbackpacking:Hobbies and Interestsadvancedcustomfields:Otheradvancedentrepreneur:Businessadvancedfitness:Lifestyleadvancedluciddreaming:Otheradvancedmandelaeffect:Otheradvancedmicrodevices:Technologyadvancedproduction:Hobbies and Interestsadvancedrunning:Lifestyleadvancedyamtraining:Otheradvcap:Otheradventism:Otheradventofcode:Otheradventurecapitalist:Gamingadventuredungeon:Otheradventuregames:Gamingadventureheroes:Otheradventurelookup:Otheradventureracing:Lifestyleadventurersleague:Otheradventures:Hobbies and Interestsadventuresofasfalorn:Adult and NSFWadventuresofchat:Otheradventuretheory:Entertainmentadventuretime:Entertainmentadvertising:Businessadvice:Generaladviceanimals:Generaladviceatheists:Generaladvicecountries:Otheradviceformen:Otheradvicehell:Adult and NSFWadwdrp:Otheradwdrpcommunity:Otheradwords:Otherae86:Hobbies and Interestsaegeusauthored:Otheraegina:Otheraegis_imperial:Otheraeiou:Otheraeolus:Otheraeon:Otheraeoncoin:Otheraeroponics:Otheraeropress:Otheraerospace:Technologyaerospaceengineering:Technologyaesoprock:Musicaesthetics:Social Science and Humanitiesaeternity:Otheraethercoil:Otheraethereum:Otheraetherforged:Otheraetherysrs:Otherafabledhero:Otherafc_west:Otherafcbournemouth:Sportsafceast:Otherafcon:Otherafcwimbledon:Otheraffairsinstorytelling:Otheraffiliatemarket:Businessaffiliatemarketing:Businessaffinityforartifacts:Otheraffinitygame:Otheraffirmations:Lifestyleaffordablecareact:Otherafghan:Otherafghanistan:Locationsafinil:Lifestyleafip:Otherafk:Otherafl:Sportsaflcirclejerk:Otheraflfantasy:Otheraflvote:Otherafol:Hobbies and Interestsafolon:Otherafrica:Locationsafricana:Otherafricanamerican:Otherafricanhistory:Social Science and Humanitiesafrikaans:Otherafroforum:Otherafter_shower_thoughts:Otherafter_the_shot:Adult and NSFWaftereffects:Technologyafterlodge:Otheraftermath1231:Otherafterplounge:Adult and NSFWafterschaaf:Otheraftershock:Otherafterthecredits:Entertainmentaftertheendckii:Otheraftertheevent:Otherafterthesilence:Lifestyleafterword:Otheraftonroboticsinc:Otherafuwantstowrite:Otherafwcomics:Generalagainstallarchons:Otheragainstatheismplus:Lifestyleagainstfeminism:Otheragainstgamergate:Otheragainstgravity:Otheragainsthatesubreddits:Metaagainstkarmawhores:Metaagainstmarijuana:Otheragainstmensrights:Generalagainstsocialjustice:Otheragainstspaceedgeclub:Otheragainstswiftmanga:Adult and NSFWagainstthechimpire:Otheragainsttumblrinaction:Otheragakhan:Otheragameofark:Otheragameoftheories:Otheragameofthroneslcg:Entertainmentagar:Otheragario:Gamingagarioclub:Otheragariofriends:Otheragarprivate:Otheragatheringofheroes:Otheragb260:Otheragda:Otheragegapsex:Adult and NSFWagency:Otheragenda21:News and Politicsagendaposting:Otheragender:Lifestyleagentcarter:Entertainmentagentsofdoubt:Otheragentsofmayhem:Otheragentwyoming:Otherageofmythology:Gamingageofsigmar:Gamingageplaying:Adult and NSFWageplaypenpals:Adult and NSFWageplaypersonals:Adult and NSFWageplaystories:Adult and NSFWagesrust:Otheraggies:Educationaggregat0r:Otheraggrotech:Otheraggta:Otheragi:Technologyagile:Technologyagingredditors:Otheragitation:News and Politicsagmarketplace:Technologyagnarr:Otheragnostic:Lifestyleagnosticism:Lifestyleagoraphobia:Otheragorapodcastnetwork:Otheragorareferral:Otheragorareferrallink:Otheragorism:News and Politicsagotboardgame:Entertainmentagourahigh:Otheragriculture:Hobbies and Interestsagricultureporn:Hobbies and Interestsah5017:Otherahabofmotherbase:Otherahegao:Adult and NSFWahfforamerica:Otherahilgenwrites:Otherahmadiyya:Otherahmadiyyat:Lifestyleahmedabad:Otherahoraencomun:Otherahotalk:Otherahrilol:Otherahrimains:Gamingahwupdate:Otheraiagency:Otheraidanpics:Otheraidanturner:Otheraidb:Otheraideronrobotics:Otheraidrafox_xxx:Adult and NSFWaiethics:Otheraih:Otheraikido:Lifestyleaimdownsights:Otheraimjunkies:Otheraimmmmmmmmm:Otherainbow:Lifestyleainbowdash:Entertainmentainbowroad:Metaainothuman:Otherainu:Otheraion:Otheraiowireless:Otheraipctshop:Otheraiprogramming:Otherairbnb:Travelairbnbpromo:Otherairbrawl:Gamingairbrush:Otherairconditionerfiction:Otherairconsole:Otheraircrack:Otherairforce:News and Politicsairguns:Hobbies and Interestsairlines:Otherairmc:Otherairmechcirclejerk:Adult and NSFWairmen:Otherairplaneenhancer:Otherairplanes:Technologyairplanzky:Otherairpods:Technologyairporn:Otherairport:Otherairsoft:Hobbies and Interestsairsoftcirclejerk:Otherairsoftdeals:Otherairsoftgore:Otherairsoftmarket:Hobbies and Interestsairsofttechhelp:Otherairz23:Generalairz23anonymous:Otheraislingduval:Otheraislynisdead:Otheraiws:Otheraix:Otheraixmarseille:Otherajapplegate:Adult and NSFWajaxamsterdam:Otherajido:Otherajj:Otherak47:Hobbies and Interestsak4r:Otherakalabeth:Otherakali:Otherakalimains:Otherakamegakill:Entertainmentakarui:Adult and NSFWakb48:Musicakita:Otherakron:Locationsal_discussion:Otheral_eberia:Otheralabama:Locationsalabamaforsanders:Otheralabamalibertarians:Otheralameda:Otheralanmoore:Entertainmentalanon:Lifestylealanresnick:Otheralansmithe:Otheralanwatts:Lifestylealarmclockxtreme:Otheralasjuicy:Adult and NSFWalaska:Locationsalaskaforsanders:Otheralaskanmalamute:Lifestylealb:Otheralbacraft:Otheralbania:Locationsalbany:Locationsalberta:Locationsalbertwesker:Otheralbionalkimiya:Otheralbiononline:Gamingalbretchsarchives:Otheralbumbabes:Adult and NSFWalbuquerque:Locationsalbury:Otheralchemy:Hobbies and Interestsalchemycr:Otheralchestbreach:Gamingalcohol:Lifestylealcoholicsanonymous:Lifestylealcoholism:Lifestylealcoholism_medication:Otherald52:Otheraldnoahzero:Entertainmentaleague:Sportsaleaguematchday:Otheralex:Otheralexa:Technologyalexanderfasching:Otheralexanderwales:Otheralexandra007:Otheralexandria:Hobbies and Interestsalexelcapoyt:Otheralexgreenhorror:Otheralexis:Otheralexisfawx:Adult and NSFWalexithymia:Otheralexloganwriting:Otheralexscaptions:Otheralexsprompts:Otheralextanner:Adult and NSFWalexurwin:Otheralfaromeo:Otheralgebra:Otheralgebrathings:Otheralgeria:Otheralgerianfootball:Otheralgonquin_college:Otheralgorithms:Technologyalgotrading:Businessaliasservernetwork:Otheralicarry:Otheraliceinchains:Musicalicesalcove:Adult and NSFWaliciawrites:Otheralien_theory:Hobbies and Interestsalienabduction:Otheralienagenda:Otheralienalerts:Otheralienblue:Technologyalienexchange:Lifestylealienisolation:Gamingalienmc:Otheraliens:Entertainmentaliensamongus:Generalaliensandufos:Otheraliensofthesystem:Otheralienware:Gamingalienwarealpha:Gamingaliexpress:Lifestylealigood:Otheralinakg:Otheralisonsinner:Adult and NSFWalistair9000:Otheralistsomewhere:Otheralittleolder:Adult and NSFWalkmaar:Otherallaboutshirou:Adult and NSFWallaccessplaylists:Musicallblacks:Otherallcapsmotivation:Lifestyleallcoins:Otherallcoolentertainment:Otherallergies:Otherallergy:Otherallforall:Otherallgamers:Otherallgoodrecords:Otherallhail:Locationsallhailsquidmaster:Otherallhailurbanbot:Otherallianceofawesome:Otherallinonecards:Otherallisforgiven:Otherallispeed:Otheralliterasie:Otheralljontronsubreddits:Otherallkindsofhorror:Otherallltogethernow:Otherallmybrians:Otherallorimnottrash:Otherallstandards:Gamingalltestbanks:Otheralltheguns:Otherallthelancers:Otheralltheleft:News and Politicsallthemods:Otherallthemusics:Otherallthingsadc:Otherallthingsdogs:Lifestyleallthingsdt:Otherallthingshearing:Otherallthingsmech:Otherallthingsmlg:Generalallthingsprotoss:Gamingallthingsterran:Gamingallthingswaytools:Otherallthingszerg:Gamingalltimelow:Otherallwomen:News and Politicsallyv1:Otherallyv2:Otheralmosthomeless:Generalalmostinteresting:Otheralmosttheonion:Otheralopecia_areata:Otheralorp:Otheralot:Generalalpas:Otheralpertlpinefiction:Otheralpha:Social Science and Humanitiesalphaandbetausers:Businessalphabay:Adult and NSFWalphabaydarknetmarket:Otheralphabaymarket:Technologyalphabayreferrallinks:Otheralphacentauri:Otheralphadraft:Otheralphagaming:Otheralphago:Otheralpharadtv:Generalalpharetta:Locationsalphathea:Otheralpinism:Hobbies and Interestsalreadyred:Generalals:Otheralt_hapa:Otheralt_right:Otheraltbookcovers:Otheraltbriggs:Adult and NSFWaltcoin:Technologyaltcointip:Otheraltcomix:Entertainmentaltcon:Otheraltcountry:Musicalterbridge:Otheralternagirls:Otheralternateearth:Otheralternatehistory:Social Science and Humanitiesalternatehistorymaps:Otheralternatehistorywiki:Otheralternative_right:News and Politicsalternativeamazonvgf:Otheralternativeart:Artalternativehealth:Lifestylealternativehistory:Social Science and Humanitiesalternativeleft:Otheraltf4online:Adult and NSFWaltgonewild:Adult and NSFWalthistory:Social Science and Humanitiesalthistorysim:Otheralthistorytimelines:Otheraltislife:Otheraltnames:Otheraltnews:Otheraltnewz:News and Politicsaltp:Otheraltrap:Musicaltright:News and Politicsaltrightwatch:Otheraltrock:Otheraltruista:Adult and NSFWaltspacevr:Otheralttrp:Otheralzheimers:Otheralzheimerscanada:Otheram2r:Otherama:Generalamaa:Otheramaar:Otheramaburi:Otheramadisasters:Generalamandapalmer:Otheramarequest:Otheramarisuhc:Otheramateur:Adult and NSFWamateur_boxing:Sportsamateurarchives:Adult and NSFWamateurbikeporn:Hobbies and Interestsamateurcompdota2:Otheramateurdeepthroat:Adult and NSFWamateurfights:Generalamateurgirlsbigcocks:Adult and NSFWamateurhyslit:Adult and NSFWamateuroc:Otheramateurphotography:Hobbies and Interestsamateurporn:Adult and NSFWamateurproduction:Otheramateurquotes:Otheramateurradio:Hobbies and Interestsamateurroomporn:Hobbies and Interestsamateurtheories:Otheramateurwriting:Hobbies and Interestsamathenedit:Generalamaworldbuilding:Otheramazingracerankdown:Otheramazingrpsubreddit:Otheramazingtechnology:Technologyamazon:Lifestyleamazon_affiliate:Otheramazondailydealsplus:Otheramazone:Lifestyleamazonecho:Technologyamazonechodev:Otheramazonfba:Otheramazonflexdrivers:Otheramazonfreebies:Lifestyleamazongiftcard:Otheramazonianmatriarchy:Otheramazonlist:Otheramazonmerch:Otheramazonprime:Entertainmentamazonseller:Otheramazonshow:Otheramazonspecials:Otheramazontoprated:Lifestyleamazonunderground:Otheramazonwebservices:Otheramazonwtf:Lifestyleamber:Otherambercrusade:Otherambien:Generalambientassistedliving:Otherambientmusic:Musicamblyopia:Otherambulancemayhem3d:Otherambw:Otheramcpreacher:Otheramd:Technologyamd_stock:Businessamdhelp:Otheramdmasterrace:Otheramd_stock:Businessamdhelp:Otheramdmasterrace:Otheramea:Otheramerican_kenpo:Otheramericanathletic:Otheramericanbasketballfed:Otheramericandad:Entertainmentamericaneskimo:Otheramericanflaginplace:Metaamericangods:Entertainmentamericangovernment:News and Politicsamericanhistory:Social Science and Humanitiesamericanhistoryx:Otheramericanhorrorstory:Entertainmentamericanleft:Otheramericanobserver:Otheramericanodyssey:Otheramericanpegasus:Otheramericanpirateparty:News and Politicsamericanpolitics:News and Politicsamericanprimitivism:Otheramericanproblems:Generalamericanpsycho:Adult and NSFWamericansineurope:Otheramericansocialists:Otheramericanstasi:Otheramericanwizardryrp:Otheramericathegreat:Otheramericorps:Travelameristralia:Generalamersfoort:Otheramersham:Otheramestrian_empire:Otheramethystcove:Otheramhacked:Otheramibeingdetained:Generalamici_ursi:Otheramiduos:Otheramifat:Otheramifreetogo:News and Politicsamiga:Otheramigurumi:Hobbies and Interestsamihot:Otheramiibo:Gamingamiibo_australia:Otheramiibobc:Otheramiibocanada:Otheramiibocustoms:Otheramiiboflorida:Otheramiiboho:Otheramiibokentucky:Otheramiibomichigan:Otheramiiboswapca:Otheramiiboswappoints:Otheramiibros:Otheramiinfected:Otheramimakingthisup:Otheramisexy:Generalamisexyiscreepy:Otheramishadowbanned:Otheramishsmp:Otheramitheasshole:Generalamiugly:Generalamiwrong:Generalammar2:Adult and NSFWammo:Otherammunition:Otheramnesty:News and Politicsamoledbackgrounds:Technologyamongthesleep:Otheramphibians:Otheramplaylists:Otherampsaamps:Adult and NSFWamputee:Lifestyleamrc:Otheramrmythos:Otheramrsucks:Otheramry:Otheramscrisasta:Otheramsterdam:Locationsamsterdaments:Otheramstrad:Gamingamt:Lifestyleamtrak:Otheramumumains:Otheramv:Entertainmentamvcontest:Otheramwfs:Otheramy_adams:Otheramy_ginger_28:Otheramyadams:Entertainmentamzreviewtrader:Otheranabolic:Otheranachronism:Otheranaheimducks:Sportsanal:Adult and NSFWanalfaces:Adult and NSFWanalgw:Adult and NSFWanalog:Hobbies and Interestsanalogbot:Otheranalogchallenge:Otheranalogyking:Generalanalonlylifestyle:Adult and NSFWanalysemydota2:Otheranalyticalwriting:Otheranalytics:Technologyanalyzelast100games:Otheranamanaguchi:Otheranarcha:Otheranarchafeminism:News and Politicsanarchie:Otheranarchism:News and Politicsanarchismneedschange:Otheranarchismonline:Otheranarchismus:Otheranarchist:Otheranarchistnews:News and Politicsanarchists:Otheranarcho_capitalism:News and Politicsanarcho_fascism:Otheranarcho_hackers:Otheranarcho_primitivism:News and Politicsanarcho_reaction:Otheranarchobjectivism:News and Politicsanarchocapitalism:News and Politicsanarchocommunism:News and Politicsanarchopacifism:News and Politicsanarchotranshumanist:News and Politicsanarchy:News and Politicsanarchy101:News and Politicsanarchy_revolution:Otheranarchyanarchy:Otheranarchychess:Sportsanarchyintheuk:Otheranarchyonline:Otheranarconfederation:Otheranarkek:Otheranarkitty:Adult and NSFWancap101:Otherancap_bestarguments:Otherancap_dk:Otherancap_futurology:Otherancap_poetry:Otherancapcopypasta:Otherancapgaming:Otherancaplounge:Otherancapraxis:Otheranchorage:Locationsanchorfm:Otherancientaliens:Hobbies and Interestsancientcivilizations:Social Science and Humanitiesancientcoins:Social Science and Humanitiesancientegypt:Social Science and Humanitiesancientfutures:Otherancientgreece:Social Science and Humanitiesancientgreek:Social Science and Humanitiesancientknowledge:Social Science and Humanitiesancientmigrations:Social Science and Humanitiesancientrome:Social Science and Humanitiesancientworld:Social Science and Humanitiesandalucia:Otheranddev:Otherandersmancers:Otherandis:Otherandomboltsfan:Otherandorra:Locationsandrew:Otherandrew__wells:Otherandrewmcmahon:Otherandrogyny:Lifestyleandroid:Technologyandroid7:Otherandroid_app:Otherandroid_apps:Otherandroid_jp:Otherandroidanything:Technologyandroidapparena:Otherandroidapppromotion:Otherandroidapps:Technologyandroidapptesters:Technologyandroidaudio:Otherandroidauto:Otherandroidbetaapps:Otherandroidbetaprogram:Otherandroidcirclejerk:Technologyandroiddev:Technologyandroidfreedom:Otherandroidgamedeals:Gamingandroidgames:Gamingandroidgaming:Technologyandroidhelp:Otherandroidhomescreen:Otherandroidintents:Otherandroidisbeautiful:Technologyandroidl:Otherandroidmasterrace:Technologyandroidpreviews:Technologyandroidquestions:Technologyandroidroot:Technologyandroidstudio:Otherandroidtablets:Technologyandroidthemes:Technologyandroidtv:Technologyandroidusers:Technologyandroidvr:Technologyandroidwatchfaces:Technologyandroidwear:Technologyandrology:Otherandromeda321:Scienceandtheherois:Otherandytuba:Otheraneros:Adult and NSFWanesthesiology:Otheranesthetistquestions:Otheranewzero:Otherangel:Entertainmentangelaeingezoomt:Otherangelawhite:Adult and NSFWangelbeats:Entertainmentangeloftheafterlife:Otherangelolsen:Otherangelsandairwaves:Musicangelsbaseball:Sportsangelsfallfirst:Otheranger:Lifestyleangermekana0:Otheranglicanism:Lifestyleanglinaz:Otheranglish:Otheranglosaxon:Otherangola:Hobbies and Interestsangory_tom:Otherangos:Otherangry:Otherangrybrds:Otherangryirishreddit:Otherangryjoeshow:Otherangrymail:Otherangrypotato1:Otherangsteism:Otherangular:Adult and NSFWangular2:Technologyangularjs:Technologyangz:Otheranightinwesteros:Adult and NSFWanima:Otheranimalbehavior:Lifestyleanimalcollective:Musicanimalcontrol:Otheranimalcrossing:Gaminganimalid:Scienceanimalintelligence:Lifestyleanimalporn:Lifestyleanimalpornsubreddit:Otheranimalrescue:Lifestyleanimalrights:Lifestyleanimals:Lifestyleanimalsbeingbros:Lifestyleanimalsbeingderps:Lifestyleanimalsbeingjerks:Lifestyleanimalsblendingin:Otheranimalswithoutnecks:Lifestyleanimaltextgifs:Lifestyleanimalwelfare:Lifestyleanimaniacs:Entertainmentanimatecc:Otheranimatethis:Otheranimation:Generalanimationcareer:Otheranimations:Otheranime:Entertainmentanime4noobs:Otheranime_and_manga:Otheranime_irl:Entertainmentanime_irlcirclejerk:Otheranimebazaar:Otheranimebracket:Otheranimechurch:Otheranimecirclejerk:Otheranimecovers:Otheranimedeals:Entertainmentanimedubs:Entertainmentanimeexpo:Otheranimefigures:Entertainmentanimefunny:Otheranimegifs:Entertainmentanimeicons:Entertainmentanimemeeconomy:Otheranimemerchandise:Entertainmentanimemes:Entertainmentanimemusic:Entertainmentanimenews:Entertainmentanimenocontext:Entertainmentanimeoftheweek:Otheranimepartygifs:Otheranimeph:Otheranimephonewallpapers:Entertainmentanimeplot:Entertainmentanimepodcast:Otheranimeponytails:Entertainmentanimesakuga:Otheranimeshowerthoughts:Otheranimesings:Otheranimesketch:Artanimesuggest:Entertainmentanimesuggesttesting:Otheranimethemes:Entertainmentanimetop10:Otheranimevectorwallpapers:Entertainmentanimevsmanga:Otheranimewallpaper:Entertainmentanimism:Otheranimorphs:Entertainmentanimvotes:Otheranison_jp:Otheranivia:Otheraniviamains:Otherank:Otherankara:Otheranki:Educationankiru:Otherankylosingspondylitis:Otherannaiswriting:Otherannamasterrace:Entertainmentannarbor:Locationsannefrank:Otherannemunition:Otherannepro:Otherannieclark:Musicanniemains:Otheranno:Otherannouncements:Metaanomalousstories:Otheranon_writ:Otheranonabox:Otheranoncanscoctreasury:Otheranoncoin:Otheranonim:Locationsanonymous:Technologyanonymous123421:Otheranonymousinaction:Otheranonymouspals:Lifestyleanormaldayinrussia:Generalanormaldaywithsimon:Otheranosmia:Otheranother:Otheranother30k:Otheranotherfnafshitposts:Otheranothermcserver:Otheranothersettlement:Otheranothershittytestsub:Otheranothga:Otheransible:Technologyanswers:Generalant:Otherantarctica:Otherantarcticanomalies:Scienceantenna:Technologyantergos:Otheranthersladder:Otheranthologymemes:Entertainmentanthony:Otheranthonyde726:Otheranthropology:Social Science and Humanitiesanthroposophy:Otheranti_establishment:Otheranti_feminism:Otheranti_left:Otheranti_matome_test:Otheranti_scemi:Otheranti_trump:Otherantiacclub:Otherantiagingaddiction:Otherantiantiantijokes:Otherantiantijokes:Generalantiatheismwatch:Lifestyleantibirth:Otheranticarbonatedmilk:Otherantichurchofthebutton:Otheranticivilization:Otheranticommon:Otheranticonsumption:Generalanticreepypms:Otherantidepressants:Otherantidrug:Otherantifa:Otherantifacebook:Technologyantifeminist:Otherantifeminists:Otherantiforensics:Technologyantiglobalism:Adult and NSFWantigovactivists:Otherantiheroreborn:Otherantiherorp:Otherantiichthusalliance:Otherantiislam:Otherantijediism:Otherantijokes:Generalantildp_ja:Otherantilogic:Otherantimatterindustries:Otherantimemewatch:News and Politicsantimlm:Lifestyleantimods:Otherantimwmwatch:Otherantinatalism:Social Science and Humanitiesantipoaching:Lifestyleantipsychiatry:Otherantiqueappraisal:Otherantiques:Lifestyleantirandsquad:Otherantireligious:Otherantisemitism:Otherantisemitismwatch:Otherantisjweuropean:Otherantisrs:Metaantissrdircs:Otherantitagpro:Otherantitax:Otherantiteams:Otherantitheism:Lifestyleantitheistparty:Otherantitia:Otherantitroll:Otherantitrumpalliance:News and Politicsantivax:Scienceantivirus:Otherantiwar:News and Politicsantiwork:News and Politicsantizetsucirclejerk:Otherantm:Entertainmentantranik:Otherants:Lifestyleantsimulator:Otherantvenom:Otheranus_carrots_online:Otheranusfree:Adult and NSFWanw:Otheranxiety:Lifestyleanybodybutbernie:Otheranybodybuthillary:Otheranyme:Otheranyport:Otheranystories:Otheranything:Otheranythinggoes:Otheranythinggoesblog:Technologyanythinggoesdiscuss:Otheranythinggoeshealth:Otheranythinggoeskindof:Otheranythinggoesnews:News and Politicsanythinggoesnorules:Otheranythinggoespics:Generalanythinggoesscience:Scienceanythinggoesultimate:Otheraoc:Otheraoe:Otheraoe2:Gamingaoe3:Gamingaof_d_ward:Otheraofate:Otheraofhaocv:Otheraokp:Otheraorai:Otheraorus:Otheraotrp:Otheraotwingsoffreedom:Otheraow3:Gamingap_latin:Otherapache:Technologyapartmentdesign:Hobbies and Interestsapartmenthighdeas:Adult and NSFWapathy:Generalapathyclan:Otherapct:Otherapeekintomymind:Otheraperfectcircle:Musicaphantasia:Otheraphextwin:Musicapi:Otherapicasefiles:Otherapicem:Otherapidura:Otherapink:Musicaplaceforlearns:Otheraplang2014:Otherapnurses:Scienceapocalympics2016:Sportsapocalympicsrio:Sportsapocalypse:Lifestyleapocalypsepirates:Otherapocalypseporn:Generalapocalypserising:Otherapocalypseworld:Otherapocolyptictodd:Otherapolloapp:Technologyapologetics:Otherapologizeplease:Otherapostrophepatrol:Otherapotheosisvillage:Otherapotheoun:Otherapoyoparticipacion:Otherappadmin:Otherappalachia:Otherappalachiantrail:Hobbies and Interestsappalling_media:Otherappbusiness:Otherappdev:Otherappearancerevolution:Otherappers:Otherapphookup:Technologyappideas:Otherapple:Technologyapple2:Gamingapple_jp:Otherapple_stocks_news:Otherappleapps:Otherapplebandmarket:Otherapplecirclejerk:Technologyappleenthusiasts:Otherapplehelp:Technologyapplehelp_betas:Otherapplehmd:Otherapplemusic:Musicapplescript:Otherappleseed:Otherapplesucks:Technologyappletrees:Otherappletv:Technologyappletv4:Otherapplewatch:Technologyapplewatchreviews:Otherapplewatchsupport:Otherapplewhatshouldibuy:Otherappliancerepair:Otherappliances:Otherapplyingtocollege:Educationapplystarwarsrp:Otherapppromotion:Otherapps:Technologyappstate:Educationapptranslations:Otherapraxia:Otheraprendeingles:Otheraprideoflions:Otherapril2017bumpers:Otherapril30th2015:Otheraprilfools:Generalaprilknights:Otheraprogressiveparty:Otherapstudents:Educationapsu:Locationsaptliving:Otheraqours:Otheraquadragon:Otheraquajail:Entertainmentaquamarineregiment:Otheraquamarines:Lifestyleaquamarinesbarracks:Otheraquamarinesden:Otheraquamarinevi:Otheraquaponics:Generalaquarium:Lifestyleaquariumquestions:Otheraquariums:Lifestyleaquariumstestsub:Otheraquasama:Otheraquascape:Lifestylear10:Hobbies and Interestsar15:Hobbies and Interestsar_blood_drive:Otherarab_socialists:Otherarabic:Hobbies and Interestsarabisraeliconflict:Otherarabs:News and Politicsarachnids:Otheraractivism:Otheraractivismlab:Otheraradesh:Otherarado:Otheraram:Otherararagi:Entertainmentararagigirls:Entertainmentararat:Otherarautos:Otherarbetarrorelsen:Otherarborists:Otherarbtserver:Otherarcade:Gamingarcadecityapp:Otherarcadefire:Musicarcadegames:Otherarcadehero:Otherarcane:Otherarcaneadventures:Gamingarcaneguard:Otherarcaneseries:Otherarcanesurvival:Otherarcanetracker:Otherarcanum:Otherarcaracing:Otherarcationjustice:Otherarcelormittal:Otherarcgis:Otherarchaeology:Social Science and Humanitiesarchaiccooking:Lifestylearchduke:Otherarcheage:Gamingarcheagebuilds:Gamingarcheageguilds:Otherarcheology:Social Science and Humanitiesarcherfx:Entertainmentarchery:Sportsarcheryexchange:Otherarchitecture:Architecturearchitectureporn:Architecturearchivecanada:Otherarchivedotorg:Otherarchivedstories:Otherarchiveporn:Social Science and Humanitiesarchivereddit:Otherarchiveteam:Otherarchivists:Entertainmentarchlinux:Technologyarchlinuxarm:Otherarchonclan:Otherarcology:Otherarcticmonkeys:Musicarcturian:Otherardidos:Otherarduino:Technologyarea11band:Otherarea22robin:Otherarealrumors:Otherareeljay:Otherarenafootball:Sportsarenafps:Otherarenahs:Gamingarenaleaderboardhs:Otherarenatracker:Otherarendellemuseumofart:Otherarendelleuniversity:Otherareolas:Adult and NSFWarestbc:Otherarewerolling:Generalarfid:Otherarg:Gamingargaming:Gamingargenbitcoin:Otherargenbitcoins:Otherargentina:Locationsargentinacirclejerk:Otherargentinacocina:Otherargentos:Otherargonian:Otherargsociety:Entertainmentarguments:Otherarguns:Hobbies and Interestsarianagrande:Entertainmentarianespace:Otherariella:Otherarielpink:Otherarielwinter:Entertainmentarishaffir:Otherarisia:Otherarisparkle:Otheraristotle:Otherariyala:Otherarizer:Lifestylearizona:Locationsarizonaforsanders:Otherarizonajuggalos:Otherark:Gamingark_pc:Otherarkaddict:Otherarkadmins:Otherarkansas:Locationsarkansasamiibo:Otherarkansasforsanders:Otherarkansaslibertarians:Otherarkatlantisserver:Otherarkbuyandsell:Otherarkfactions:Otherarkfactionsdesign:Otherarkhamhorrorlcg:Gamingarkhamrp:Otherarkhermitsunited:Otherarkieoutdoors:Locationsarkmayhem:Otherarkmodding:Otherarkoholic_xbox_one:Otherarkology:Otherarkone:Gamingarkpocalypserp:Otherarkraiding:Otherarkserverlist:Otherarkservers:Otherarksthunderdome:Otherarkverse:Otherarkwakingrealms:Otherarkwarpaint:Otherarlington:Locationsarlo:Otherarm:Technologyarma:Gamingarma3:Gamingarmadev:Gamingarmagnac:Otherarmchairphilosophy:Otherarmenia:Locationsarmenian:Otherarmenianbullshit:Otherarmes_a_feu:Otherarmfixerbot:Otherarminia:Otherarminianism:Otherarminius_saw:Otherarmok:Otherarmoredcore:Otherarmoredwarfare:Gamingarmoredwarfarehq:Otherarmoredwomen:Generalarms:Gamingarmsandarmor:Lifestylearmy:News and Politicsarmycirclejerk:Otherarockandahardplace:Otheraromantic:Otheraroundthenfl:Sportsarpecpyme:Otherarpeggioofbluesteel:Otherarquivomunicipal:Otherarresteddevelopment:Entertainmentarrlmao:Otherarrow:Entertainmentarrowcirclejerk:Otherarrowverse:Otherarsclan:Otherart:Artart4tips:Otherart78doctriage:Otherartaeum:Otherartbell:Otherartbellmitd:Otherartbuddy:Artartcommissions:Otherartconservation:Otherartcontroldrawsyou:Otherartcrit:Artarted:Educationartefactporn:Generalartemispanties:Adult and NSFWartfundamentals:Artarthistory:Artarthistorycirclejerk:Artartifexian:Otherartificemtg:Otherartificial:Technologyartisanbread:Lifestyleartisangifts:Lifestyleartisanvideos:Generalartismism:Otherartistlounge:Artartistoftheday:Artartists:Otherartistspeakeasy:Otherartlessons:Otherartnews:Otherartnod:Adult and NSFWartofrolling:Lifestyleartporn:Artartprize:Locationsartrequests:Otherarts:Hobbies and Interestsartstore:Artarttheory:Artarttherapy:Otherarttocope:Lifestylearumba07:Gamingaryanist:Otheras400:Otheras_a_german:Otherasa_chemistry:Otherasablackman:Generalasaliberal:Otherasannyc:Otherasaperson:Otherasapmob:Otherasasoftwaredeveloper:Otherasatru:Social Science and Humanitiesasburypark:Otherascend_trading:Otherascendingtheark:Otherascendingthearkreborn:Otherascensionesports:Otherascensiongame:Otherascensionism:Otherascensionparish:Locationsasceticism:Lifestyleascii:Otherascii_archive:Otherasciiart:Otherasciiart_jp:Otherasdfqwernd:Otherasdgfadfcvertweret:Otheraseangp:Otherasemblancelabs:Otherasexual:Lifestyleasexuality:Lifestyleasexualmen:Otherasfl:Otherasgardark:Otherashan:Otherasharpminer:Otherashe_maree:Adult and NSFWashemains:Otherashen_assembly:Otherashens:Locationsasheronscall:Otherashesofthesingularity:Otherasheville:Locationsashevilletest:Otherashitanojoe:Otherashleymadisonhack:Lifestyleasiadogemarket:Otherasian_gifs:Adult and NSFWasianamerican:Generalasianamericanporn:Adult and NSFWasianamericans:Otherasianandlovingit:Adult and NSFWasianbeauty:Lifestyleasianbeautyexchange:Lifestyleasianbeautyrehab:Otherasianbloc:Otherasianbros:Otherasiancumsluts:Adult and NSFWasiancutierii:Adult and NSFWasiancuties:Adult and NSFWasiandeepthroat:Adult and NSFWasiandownblouse:Otherasiandrama:Otherasianeats:Lifestyleasianfeminism:Otherasianfetish:Adult and NSFWasianfilms:Entertainmentasianhotties:Adult and NSFWasianhottiesgifs:Adult and NSFWasianhottiesvideos:Adult and NSFWasianidentity:Otherasianladyboners:Adult and NSFWasianladyboy:Adult and NSFWasianmartialarts:Otherasianmasculinity:Generalasianmasculinity2:Otherasiannsfw:Adult and NSFWasianol:Adult and NSFWasianparentstories:Generalasianporn:Adult and NSFWasianpowa:Otherasianpowerpolitics:Otherasians:Otherasiansgonewild:Adult and NSFWasiantwox:Generalasiatagpro:Otherasimov:Entertainmentasiwyfa:Otherask:Generalask3d:Otherask_korea:Otherask_political_science:Otherask_politics:News and Politicsask_stevenuniverse:Otherask_transgender:Lifestyleaskableedingheart:Otheraskacademia:Educationaskacanadian:Otheraskachristian:Otheraskaconservative:News and Politicsaskacountry:Generalaskadmissions:Otheraskaheathen:Social Science and Humanitiesaskajw:Otheraskakiwi:Otheraskaliberal:Otheraskamechanic:Otheraskamerica:Generalaskanadmin:Otheraskanamerican:Generalaskanatheist:Otheraskandroid:Technologyaskandthink:Otheraskanelectrician:Otheraskanengineer:Otheraskanescort:Adult and NSFWaskanthropology:Social Science and Humanitiesaskapilot:Otheraskashittydoctor:Generalaskashittymechanic:Hobbies and Interestsaskashittyphilosopher:Generalaskasmutvivor:Adult and NSFWaskastrologers:Hobbies and Interestsaskastronomy:Scienceaskasurvivor:Otheraskatarotreader:Otheraskaustin:Otheraskaustrianeconomics:Otheraskbattlestations:Technologyaskberniesanders:Otheraskberniesupporters:News and Politicsaskbiology:Otheraskboston:Otheraskbuddhist:Otheraskcarguys:Hobbies and Interestsaskcarsales:Hobbies and Interestsaskcomputerscience:Technologyaskcops:Otheraskculinary:Lifestyleaskdemocrats:Otheraskdocs:Scienceaskdoctors:Otheraskdoctorsmeeee:Lifestyleaskdrugnerds:Lifestyleaskdrugs:Lifestyleaskdrummers:Otheraskeconomics:Businessaskeconomists:Otheraskelectronics:Technologyaskengineering:Otheraskengineers:Technologyaskeurope:Travelaskexis007:Otheraskfatlogic:Otheraskfeminism:Otheraskfeminists:News and Politicsaskfemmethoughts:Otheraskfitness:Otheraskflytape:Otheraskfoodhistorians:Lifestyleaskfrance:Otheraskfuneraldirectors:Generalaskgamemasters:Gamingaskgamers:Otheraskgames:Gamingaskgaybros:Lifestyleaskgaymen:Otheraskgeology:Otheraskgis:Scienceaskgrammarnazis:Otheraskgsm:Lifestyleaskhealth:Technologyaskhillarysupporters:Otheraskhistorians:Social Science and Humanitiesaskhistoriansworkshop:Otheraskhistory:Social Science and Humanitiesaskhr:Businessaskhsteacher:Educationaskhungmen:Adult and NSFWaskindia:Otheraskinsurance:Otheraskisleofman:Otheraskjohnsonsupporters:Otheraskkrepo:Otherasklaidbackwomen:Otherasklaw:Lawasklawenforcement:Otheraskle:Lawasklegal:Otheraskleo:News and Politicsasklibertarians:News and Politicsasklinguistics:Hobbies and Interestsasklinuxusers:Technologyaskliterarystudies:Entertainmentasklosangeles:Locationsaskmadscience:Otheraskman:Otheraskmanagement:Businessaskmarketing:Businessaskmath:Scienceaskmeanything:Generalaskmechanics:Otheraskmedical:Otheraskmedicine:Otheraskmen:Generalaskmenblog:Otheraskmenover30:Generalaskmoderators:Metaaskmods:Otheraskmom:Lifestyleaskmontreal:Otheraskmrp:Otheraskmrskeltal:Otherasknetsec:Technologyaskneuroscience:Otheraskneurotypicals:Otherasknola:Otherasknsfw:Adult and NSFWasknyc:Locationsaskoldpeople:Generalaskouija:Generalaskparanormal:Hobbies and Interestsaskparents:Lifestyleaskpcgamers:Technologyaskphilly:Otheraskphilosophy:Social Science and Humanitiesaskphilosophyfaq:Otheraskphotography:Hobbies and Interestsaskphysics:Scienceaskpolitburo:Otheraskpopculture:Otheraskportland:Locationsaskprogrammers:Otheraskprogramming:Technologyaskpsychology:Social Science and Humanitiesaskrealhipsterglasses:Otheraskredddit:Otheraskreddit:Generalaskreddit_blackout:Otheraskreddit_ja:Otheraskreddit_uncensored:Adult and NSFWaskreddit_unmoderated:Otheraskredditafterdark:Adult and NSFWaskredditch:Otheraskredditextra:Otheraskredditnsfw:Adult and NSFWaskredditteenagers:Generalaskreligion:Otheraskretail:Generalaskro:Otheraskrussia:Otherasksandiego:Otheraskscience:Scienceasksciencediscussion:Scienceasksciencefiction:Entertainmentaskscifi:Otheraskscifideadpool:Otheraskseddit:Lifestyleasksex:Otherasksexquestions:Adult and NSFWasksf:Locationsaskshibe:Otheraskshittyjehovah:Otheraskshittyscience:Otheraskshowerthoughts:Otherasksingapore:Otherasksluts:Adult and NSFWasksocialscience:Social Science and Humanitiesaskstatistics:Scienceasksteinsupporters:Otheraskstopdrinking:Otheraskstrawfeminists:Otherasksweddit:Otheraskswitzerland:Locationsasktech:Otherasktechnology:Technologyaskthe_donald:News and Politicsasktheadmins:Otherasktheoracle:Otheraskto:Locationsasktouhouscience:Otherasktrans:Otherasktransgender:Lifestyleasktrees:Lifestyleasktrollx:Generalasktrp:Generalasktrumpsupporters:News and Politicsaskuk:Locationsaskvet:Lifestyleaskvets:Otheraskvoat:Otheraskwomen:Generalaskwomenadvice:Generalaskwomenover30:Generalaskzombies:Otherasl:Hobbies and Interestsaslinterpreters:Hobbies and Interestsasm:Technologyasmo:Otherasmor:Otherasmr:Hobbies and Interestsasmrreview:Otherasoiaf:Entertainmentasoiafcirclejerk:Entertainmentasoiafcjcj:Otherasoiafooc:Otherasoiafpowers:Otherasoiafreread:Entertainmentasoiafrpmeta:Otherasoiaftournament:Otherasoldastheinternet:Technologyasongofmemesandrage:Entertainmentasoue:Entertainmentasov:Otherasozialesnetzwerk:Otheraspecaday:Otheraspen:Otheraspergers:Lifestyleaspergirls:Lifestyleaspiegaming:Otheraspiepolitics:Otheraspnetcore:Otherasroma:Sportsass:Adult and NSFWass_grab:Adult and NSFWassassincommunity:Otherassassinorder:Otherassassinscirclejerk:Otherassassinscreed:Gamingassassinsofskyrim:Otherassassinsofthebutton:Otherasscredit:Otherasseffect:Adult and NSFWassemblergames:Otherassembly_language:Otherassert_your_rights:Otherassetflip:Otherassettocorsa:Gamingassettoguy:Otherasshathackers:Technologyasshole:Adult and NSFWassholebehindthong:Adult and NSFWassholedesign:Technologyassholes:Metaassignedmale:Generalassistance:Generalassyria:Otherassyriology:Otherastateoftrance:Musicasterios:Otherasterisk:Otherasterixuhc:Otherasteroidventures:Gamingastheclockturns:Otherastheclockturnsrp:Otherasthma:Lifestyleastoria:Locationsastoryappears:Otherastosman:Otherastralprojection:Hobbies and Interestsastralprojectionnow:Otherastraltraininglog:Otherastro_kpop:Otherastrocoin:Otherastrogaming:Otherastrology:Hobbies and Interestsastroneer:Gamingastronomy:Scienceastrophotography:Scienceastrophysics:Scienceastrophysics_rehab:Otherastros:Sportsasu:Educationasus:Otherasused:Otheratahop:Otheratari:Gamingatari2600:Gamingatascocitatx:Otheratbge:Hobbies and Interestsatc:Technologyateismo_br:Otheratempest:Otheratera:Otheratethepasta:Generalatheism:Lifestyleatheism_meta:Otheratheismcomedy:Otheratheismcopypasta:Otheratheismindia:Lifestyleatheismpics:Otheratheismplus:Lifestyleatheismrebooted:Lifestyleatheismrebootedplus:Otheratheist:Lifestyleatheist_ancaps:Otheratheistchatus:Otheratheistconservative:Otheratheisthavens:Lifestyleatheistlegioncoc:Otheratheistparents:Lifestyleatheists:Lifestyleatheisttwelvesteppers:Lifestyleatheistvids:Lifestyleathenecrew:Otherathens:Locationsathensohio:Locationsathernice:Otherathiesm:Lifestyleathiest:Otherathism:Otherathleticgirls:Adult and NSFWathlone:Otheratlanta:Locationsatlantabarters:Otheratlantacirclejerk:Otheratlantaeats:Lifestyleatlantafalcons:Otheratlantafood:Otheratlantafx:Otheratlantagaming:Otheratlantahawks:Sportsatlantar4r:Lifestyleatlantathrashers:Otheratlantatv:Entertainmentatlantaunited:Sportsatlantaweather:Otheratlantic10:Otheratlanticcity:Locationsatlascorporation:Otheratlasgenius:Otheratlasreactor:Otheratlauncher:Gamingatlbeer:Locationsatldiscgolf:Otheratleticap:Otheratletico:Sportsatlfilmmakers:Otheratlgamethreads:Otheratlgrmd:Otheratljobs:Businessatmidnight:Entertainmentatmosphere:Otheratmosphericdnb:Musicatom:Technologyatomgraywrites:Otheratomicsociety:Otheratopiary:Otheratporn:Adult and NSFWatsmeta:Otheratsouth:Otheratt:Technologyattachmentparenting:Lifestyleattackofthebteam:Otherattackontitan:Entertainmentattackontitangame:Entertainmentatticusfinch1962:Otherattleboro:Otheraturtlethanksgiving:Otheratv4:Otheratwom:Adult and NSFWatx4atx:Locationsatxgaybros:Otheratxpix:Otheraubreymaturinseries:Otherauburn:Locationsauburnpokemongo:Otherauckland:Locationsaucklandbaconeaters:Otheraucklanddrinks:Otheraudacity:Otheraudi:Hobbies and Interestsaudible:Gamingaudio:Hobbies and Interestsaudiobattles:Otheraudiobook:Otheraudiobookclub:Otheraudiobooks:Gamingaudiocandy:Otheraudiodrama:Entertainmentaudioengineering:Technologyaudiohaven:Otheraudiojerk:Musicaudiology:Educationaudiomachine:Otheraudiomeditation:Lifestyleaudiophile:Musicaudiophilemusic:Musicaudiopost:Technologyaudioproductiondeals:Technologyaudiorepair:Otheraudiosexual:Adult and NSFWaudioshield:Otheraudit:Otherauditing:Otheraufc:Otheraugmentedreality:Gamingaugur:Technologyaugust2016bumpers:Otheraugusta:Locationsaugustames:Adult and NSFWaugustbumpers2017:Otheraui:Otherauliicravalho:Otherauntsandi:Adult and NSFWauramusicfest:Otheraurelion_sol_mains:Otheraurelionsolmains:Otheraurmarket:Otheraurora:Otherauroraco:Otherauroracoin:Otherausbeer:Lifestyleausderschleife:Otherausents:Lifestyleausfemalefashion:Lifestyleausfinance:Locationsausguns:Hobbies and Interestsaushomebrew:Lifestyleausjobs:Businessauslaw:Locationsauslegal:Otherausmetal:Musicausmusic:Locationsauspol:Locationsaussie_vapers:Otheraussiehiphop:Locationsaussiemakeupexchange:Lifestyleaussiepolish:Lifestyleaussievapers:Otherausskincare:Lifestyleausstocks:Otheraustfreespeech:Otheraustin:Locationsaustin101123:Otheraustinbeer:Lifestyleaustincipher:Otheraustincirclejerk:Otheraustinclassifieds:Locationsaustinfood:Locationsaustinguns:Otheraustinjobs:Locationsaustinketo:Otheraustinmotorcycles:Hobbies and Interestsaustinmulticopter:Otheraustinmusicians:Locationsaustinpetersen:Otheraustinpoker:Otheraustinrunning:Otheraustinscavengers:Otheraustinstartups:Otheraustinurbex:Otheraustinyoga:Otheraustpropertyponzi:Otheraustralia:Locationsaustraliancattledog:Lifestyleaustralianfascists:Otheraustralianflagchange:Otheraustraliangreens:News and Politicsaustralianhistory:Otheraustralianmakeup:Lifestyleaustralianmfa:Lifestyleaustralianmilitary:Otheraustralianpolitics:Locationsaustralianshepherd:Lifestyleaustraliapics:Locationsaustraliasim:Otheraustraliasimhouse:Otheraustraliasimsenate:Otheraustria:Locationsaustriahungary:Otheraustrian:Otheraustrian_econ:Otheraustrian_economics:News and Politicsaustrianeconomics:Otheraustrianormarxist:Otherausunis:Otherausweddingplanning:Otherautechre:Otherauthentic_vapeporn:Otherauthentic_vaping:Otherautism:Lifestyleautismisms:Otherautistic:Lifestyleauto:Hobbies and Interestsauto_repair:Otherautobodycollision:Otherautocad:Technologyautoclassic:Otherautocross:Hobbies and Interestsautodesk:Otherautodetailing:Hobbies and Interestsautodetailingdeals:Otherautodiy:Hobbies and Interestsautofellatio:Adult and NSFWautoflowers:Lifestyleautographassistance:Otherautographs:Otherautohotkey:Otherautomagic:Otherautomate:Technologyautomateddecisions:Otherautomatedmarketing:Otherautomationparty:Otherautomator:Otherautomatron:Otherautomoderator:Metaautomotivetraining:Hobbies and Interestsautonocontext:Otherautonomia:Social Science and Humanitiesautorepair:Otherautos:Hobbies and Interestsautosnetwork:Otherautosnews:Otherautotldr:News and Politicsautotouch:Otherautourbanbot:Otherautowikiabot:Otherautowikibot:Otheravailablesubs:Otheravalanche2:Otheravalanche2_support:Otheravalonrp:Otheravantgardefashion:Lifestyleavasdemon:Otheravast:Otheravatar:Otheravatarcirclejerk:Otheravatarfanfics:Otheravatarmasternation:Adult and NSFWavatarporn:Adult and NSFWavengedsevenfold:Musicavengers:Entertainmentavengersacademygame:Gamingavengersacademyios:Entertainmentaveragebattlestations:Technologyaveragejoeaudiophile:Otheraveragepenis:Adult and NSFWavernus:Otheraves:Lifestyleavesdc:Otheravesnyc:Locationsavexchange:Technologyavfc:Sportsavfmhotlinks:Otheravgn:Gamingaviak:Otheraviaryfilms:Otheraviation:Technologyaviationgifs:Technologyaviationmaintenance:Otheraviationpics:Technologyavilonation:Otheravitus:Otheravoarmy:Otheravocadosgonewild:Adult and NSFWavoid5:Hobbies and Interestsavoidavoid5:Otheravos5:Otheravpd:Otheravr:Technologyavrequests:Otheravsgwg:Otheravsinstallers:Otheravukamu:Otherawactivity:Otherawakened:Lifestyleawakestories:Otherawardtravel:Travelawdawdawda:Otherawesome:Generalawesomeideas:Otherawesomelife:Otherawesomenauts:Gamingawesomesaucephil:Otherawesometrinket:Otherawfulcommercials:Generalawfullypunchablefaces:Otherawfultheories:Otherawip:Otherawisefucker:Otherawk:Otherawkwardfilipina:Otherawkwardmoment:Otherawkwardtheturtle:Otherawkwardturtlesnetwork:Otherawlias:Otherawokenwasteland:Otherawonkitrip:Otheraws:Technologyawshack:Otherawsomegamers:Otheraww:Lifestyleaww_gifs:Lifestyleawwducational:Lifestyleawwnime:Entertainmentawwnverts:Lifestyleawwschwitz:Generalawww:Lifestyleawwwtf:Lifestyleaxecraft:Hobbies and Interestsaxiomverge:Otheraxisbadgereferences:Otheraxisbadgereferencess2:Otheraxiscapitalgroup:Otheraxisgba:Otheraxisreferences:Otheraxolotl:Otheraxolotl_peyotl:Otheraxolotls:Lifestyleaxon7:Otheraxonis:Otherayahuasca:Lifestyleayasaidit:Otheraykmx5:Otheraylesbury:Otherayn_rand:Otherayni:Otheraynomamesreddit:Otheraytos:Otheraytoscourts:Otheraytossk:Otherayurveda:Otherayylmao:Generalayylmao2dongerbot:Otherayylpao:Otherayymd:Technologyazamiibo:Otherazcardinals:Sportsazdiamondbacks:Sportsazerbaijan:Locationsazermyth:Otherazirmains:Otherazloft:Otheraznidentity:Generalaznlivesmatter:Otheraznsamiama:Otherazsource:Otherazula:Otherazunyan:Otherazure:Technologyazzuroredoubt:Otherb00b3d:Adult and NSFWb201:Adult and NSFWb210k:Lifestyleb2bforhire:Otherb2bsaas:Otherb3masamune:Otherb_cups:Adult and NSFWbaader_meinhof:Otherbaalsarchive:Otherbabies:Lifestylebabike:Hobbies and Interestsbabybigcatgifs:Lifestylebabybumps:Lifestylebabyelephantgifs:Lifestylebabyexchange:Lifestylebabyfurs:Otherbabygorilla:Otherbabyhacks:Otherbabylon5:Entertainmentbabyloss:Lifestylebabymetal:Musicbabymetal_japan:Otherbabymetalespanol:Otherbabymetaljapanese:Otherbabymetalmemes:Otherbabymetaltheone:Otherbabysittingideas:Otherbabysteps:Otherbabywearing:Lifestylebacewrites:Otherbackcamera:Otherbackcountry:Hobbies and Interestsbackfiredrevenge:Generalbackgroundart:Generalbackloggery:Otherbackofleaflet_ja:Otherbackonmyfeet:Otherbackonyourfeet:Lifestylebackpacking:Hobbies and Interestsbackpackingdogs:Lifestylebackpackingdorastyle:Otherbackpacks:Otherbackroomcastingcouch:Adult and NSFWbacksapper:Otherbacktothefuture:Entertainmentbackup:Otherbackupantisrs:Otherbackyardchickens:Hobbies and Interestsbackyardorchard:Lifestylebaclofenforalcoholism:Otherbacon:Lifestylebaconcraftia:Otherbacongamejam:Gamingbaconit:Technologybaconitdev:Otherbaconittestingreddit:Otherbaconreader:Technologybaconwest:Otherbad_cop_no_donut:News and Politicsbad_religion:Lifestylebad_teacher_no_tenure:Otherbadadviceonreddit:Otherbadapps:Technologybadarchaeology:Otherbadarthistory:Artbadatheism:Lifestylebadbios:Otherbadbiz:Otherbadcgi:Entertainmentbadcode:Technologybadcompany2:Gamingbadcomputerscience:Otherbaddoctornostetho:Otherbaddoggy:Otherbaddragon:Adult and NSFWbadeasternphilosophy:Otherbadeconomics:Businessbadelf21:Otherbadeverything:Generalbadfallacy:Otherbadfilm:Otherbadgearcade:Otherbadgebot:Otherbadgeography:Otherbadgeopolitics:Otherbadgersgonewild:Otherbadgirluk:Adult and NSFWbadgovnofreedom:News and Politicsbadhistory:Social Science and Humanitiesbadhistory2:Otherbadhistoryrebooted:Otherbadislam:Otherbadkarma:Metabadlegaladvice:Lawbadlinguistics:Hobbies and Interestsbadliterarystudies:Entertainmentbadliterature:Otherbadlitreads:Otherbadlogic:Otherbadmath:Otherbadmathematics:Sciencebadmedicine:Otherbadmilitaryscience:Otherbadminton:Sportsbadmods:Otherbadmovieideas:Otherbadmovies:Entertainmentbadmtgcombos:Gamingbadmusicology:Otherbadneighbor:Otherbadneuroscience:Otherbadpeoplestories:Generalbadperson:Otherbadphilbookclub:Otherbadphilosophy:Social Science and Humanitiesbadphilosophy2:Otherbadphotoshop:Otherbadphysics:Otherbadpoetry:Otherbadpoliticalfanfic:Otherbadpolitics:News and Politicsbadpolsci:Otherbadpsychology:Sciencebadpublicart:Otherbadredditnogold:Otherbadreligion:Otherbadrocketleaguegoals:Gamingbadroommates:Generalbadrperstories:Otherbadscience:Sciencebadscificovers:Otherbadselfeater:Otherbadsocialscience:Social Science and Humanitiesbadsquad:Otherbadstats:News and Politicsbadsubhub:Otherbadtaste:Adult and NSFWbadtats:Adult and NSFWbadtattoos:Generalbadtaxidermy:Generalbadthreads:Otherbadtransmogs:Otherbadtriphelp:Otherbadtvshowideas:Otherbaduk:Gamingbadukpolitics:News and Politicsbadwomensanatomy:Generalbafanl:Otherbagchat:Otherbagelheads:Otherbagelman:Otherbagpeople:Otherbagpipes:Hobbies and Interestsbagtag:Otherbahai:Otherbahrain:News and Politicsbaileyjay:Adult and NSFWbajiquan:Otherbakachika:Otherbakanewsjp:Locationsbakchodi:Locationsbakeoff:Lifestylebakersfield:Locationsbakersfieldcondors:Otherbakersfieldmultirotor:Otherbaking:Lifestylebakker:Otherbakopogo:Otherbakubakuworldproblems:Otherbald:Lifestylebaldeagle:Otherbalding:Otherbaldursgate:Gamingbalisong:Hobbies and Interestsbalisongs:Otherbalkania:Otherbalkbrandpots:Otherballarat:Otherballbottest:Otherballers:Entertainmentballet:Hobbies and Interestsballis:Otherballis2:Otherballotaccess:Otherballparks:Sportsballpython:Lifestyleballsdeepandcumming:Adult and NSFWbaltimare:Otherbaltimore:Locationsbaltimore4sanders:Otherbaltimoreanddcr4r:Lifestylebaltimorejobs:Otherbamboozle_insurance:Generalbamboozlerevenge:Otherbamt:Otherbanana:Generalbananagoopi:Otherbanbury:Otherband_names:Otherbandcamp:Otherbandelaeffect:Otherbanditswrite:Otherbandmembers:Hobbies and Interestsbandnames:Generalbandung:Otherbaneshroud:Otherbangalore:Locationsbangkok:Locationsbangladesh:Locationsbangtan:Musicbangtanawards:Otherbanished:Gamingbanishedchallenges:Otherbanishedmaps:Gamingbanishedmodding:Otherbanishedmodlist:Otherbanishedsuccession:Otherbanjo:Hobbies and Interestsbanjokazooie:Gamingbanjothebear:Otherbankballexchange:Gamingbanking:Businessbankingclanmemes:Entertainmentbankofwesteros:Otherbankruptcy:Otherbanlistnarratives:Otherbanme:Otherbannablesubreddits:Otherbanned:Otherbanneddomains:News and Politicsbannedfeminists:Otherbannedfrom_offmychest:Otherbannedfrombfcp:Otherbannedfromclubpenguin:Gamingbannedfromdaverubin:Otherbannedfromkia:Otherbannedfromme_irl:Metabannedfrommiiverse:Otherbannedfromoffmychest:Otherbannedfrompolitics:Otherbannedfromthe_donald:News and Politicsbannedfromwikileaks:Otherbannedsubs:Otherbannersaga:Otherbannination:Otherbans:Otherbanshee:Entertainmentbantamkeyboards:Otherbantershenanigans:Otherbanthesesubs:Otherbanthisbreed:Otherbaofeng:Otherbap:Otherbapccanada:Technologybapcsalesaustralia:Otherbapcsalescanada:Technologybapcsalesuk:Technologybapeheads:Lifestylebaptists:Otherbaragoon:Otherbaramanga:Adult and NSFWbarbarianstories:Otherbarbattlestations:Lifestylebarber:Otherbarbie:Otherbarca:Sportsbarcelona:Locationsbarcitizen:Otherbarcraft:Gamingbardmains:Gamingbarefoot:Lifestylebarefootrunning:Lifestylebarexam:Otherbargainbinvinyl:Otherbarista:Lifestylebaritone:Otherbarnsley:Otherbaronygame:Otherbarreling:Otherbarrenheim_behr:Otherbarrie:Locationsbarstoolsports:Gamingbartenders:Lifestylebarter:Lifestylebase36:Otherbaseball:Sportsbaseballcards:Otherbaseballcirclejerk:Sportsbaseballdebates:Otherbaseballhof:Otherbaseballmogul:Otherbaseballnightlypick:Otherbaseballoffseason15:Otherbaseballoffseason16:Otherbaseballoffseason2014:Otherbaseballoffseason2017:Otherbaseballplayers:Otherbaseballscorecards:Otherbaseballtradedeadline:Otherbaseballtrivianight:Otherbasebuildinggames:Gamingbasel:Otherbasement:Entertainmentbasementbiotech:Otherbasementboardgames:Otherbash:Technologybashonubuntuonwindows:Otherbasicincome:Businessbasicincomeactivism:Otherbasicincomeeurope:Otherbasicincomeuk:Otherbasicliving:Lifestylebasilwhite:Adult and NSFWbasingstoke:Sportsbasketball:Sportsbasketballgm:Gamingbasketballgmfantasy:Otherbasketballjerseys:Otherbasketballoffseason15:Otherbasketballtips:Sportsbasque:Otherbass:Musicbassclarinet:Hobbies and Interestsbasset:Lifestylebassfishing:Hobbies and Interestsbassheavy:Musicbassjay:Otherbasslessons:Hobbies and Interestsbassmusicproduction:Otherbassnectar:Musicbasspedals:Otherbassplaying:Hobbies and Interestsbasstabs:Otherbassvi:Otherbassvoices:Musicbastages:Otherbastardmafiamodarea:Otherbastroptx:Otherbatch:Technologybateri:Otherbatesmotel:Entertainmentbatfacts:Lifestylebath:Locationsbathbomb:Otherbathrooms:Otherbaththoughts:Otherbatman:Entertainmentbatman_v_superman:Otherbatmanarkham:Entertainmentbatmanmegart:Otherbatmanvsuperman:Otherbatonrouge:Locationsbatonrougednd:Otherbatshitbusdrivers:Generalbattalionassignment:Otherbatteries:Technologybatterscotch2:Otherbattery_tests:Otherbatterypoweredmusic:Otherbatterywraps:Otherbattleborn:Gamingbattlebornlft:Otherbattlebots:Entertainmentbattlebotsmeta:Otherbattlebotsraw:Entertainmentbattlebrothers:Otherbattlecamp:Otherbattlecars:Hobbies and Interestsbattlecats:Gamingbattlecatscheats:Otherbattlecatsdailylevels:Otherbattlecon:Otherbattledomevr:Otherbattlefactory:Otherbattlefield:Gamingbattlefield1942:Otherbattlefield3:Gamingbattlefield4:Gamingbattlefield_4:Gamingbattlefield_4_cte:Gamingbattlefield_4_xbox360:Otherbattlefield_5:Otherbattlefield_live:Gamingbattlefield_one:Gamingbattlefieldhardline:Otherbattlefieldlfg:Otherbattlefieldmystery:Otherbattlefleetgothic:Otherbattlefront:Gamingbattlefrontcheaters:Otherbattlefrontevents:Otherbattlefrontmemes:Generalbattlefrontoce:Otherbattlegifs:Generalbattlegirlhighschool:Otherbattlegroundeurope:Otherbattlegrounds:Gamingbattlemaison:Otherbattlemaps:Gamingbattlemonk:Otherbattlenetwork:Gamingbattleofthebureaus:Otherbattleparty:Otherbattlerite:Gamingbattleritecompetitive:Otherbattleritefanconcepts:Otherbattleritelfm:Otherbattleroyalegames:Otherbattleshops:Generalbattlestations:Technologybattletech:Gamingbattletops:Gamingbattlewagon:Hobbies and Interestsbattlezone:Otherbattlezone_psvr:Otherbatty:Lifestylebaww:Generalbayarea:Locationsbayareaamiibros:Otherbayareavandwellers:Otherbayareavapers:Otherbaycraftsmp:Otherbayer04:Sportsbayes:Otherbaylor:Educationbaylortest:Otherbayonetta:Otherbayonettamains:Otherbayrap:Musicbayriders:Hobbies and Interestsbaystars:Otherbaystreetbets:Otherbb30:Lifestylebb_marathon:Otherbbcsluts:Adult and NSFWbbexchange:Otherbblegacy:Otherbboy:Hobbies and Interestsbbq:Lifestylebbqchicken:Otherbbqsauce:Otherbbredditalpha:Otherbbredditfun:Otherbbredditinfinity:Otherbbs:Otherbbuk:Otherbbvalhalla:Otherbbw:Adult and NSFWbbwgw:Adult and NSFWbbwvideos:Adult and NSFWbc24:Otherbc700:Otherbcachefs:Otherbcfc:Sportsbcit:Otherbcstx:Otherbdconspiracy:Otherbdfc:Gamingbdoeco:Otherbdoguilds:Otherbds:News and Politicsbdsm:Adult and NSFWbdsm_gifs:Adult and NSFWbdsmama:Adult and NSFWbdsmbooks:Adult and NSFWbdsmcommunity:Lifestylebdsmdiy:Adult and NSFWbdsmerotica:Adult and NSFWbdsmfaq:Adult and NSFWbdsmgw:Adult and NSFWbdsmkikpals:Adult and NSFWbdsmlgbtq:Adult and NSFWbdsmnsfw:Adult and NSFWbdsmpersonals:Adult and NSFWbdsmtales:Adult and NSFWbdsmtalk:Adult and NSFWbdsmtasks:Adult and NSFWbeachcity:Entertainmentbeachhouse:Otherbeaconacademy:Otherbeaconacademynsfw:Otherbeadsprites:Hobbies and Interestsbeagle:Lifestylebeaglebone:Otherbeamazed:Generalbeamng:Otherbeamreddit:Otherbeardeddragons:Lifestylebeardlovers:Gamingbeardoil:Otherbeardporn:Lifestylebeards:Lifestylebeardsgonecuddly:Generalbeardsgonedoge:Otherbeardtalk:Lifestylebeardytown:Otherbearing:Otherbearjokes:Generalbearkatet2:Otherbears:Lifestylebearsdoinghumanthings:Lifestylebeasoccermanager:Otherbeastdrawing:Otherbeastieboys:Musicbeatbox:Musicbeatles:Musicbeatmatch:Musicbeats1live:Otherbeatsbydre:Otherbeaumont:Otherbeaumontboardgames:Otherbeauregardthefloofy:Otherbeauty:Lifestylebeautyaddiction:Lifestylebeautyboxes:Lifestylebeautydeals:Otherbeautyguruchat:Lifestylebeautyguruchatter:Lifestylebeautygurudiscussion:Lifestylebeautyqueens:Generalbeautytalkph:Otherbeaverton:Otherbeavisgames:Otherbebopband:Otherbecomeaman:Lifestylebecomeanias:Otherbecometalkative:Otherbecomingtheiceman:Otherbedbugadvice:Otherbedbugassistance:Otherbedbugs:Otherbeddit:Lifestylebedfordshire:Otherbedroomproducers:Otherbedstuy:Locationsbedtimejammies:Otherbedtimestories:Otherbee_irl:Generalbeeandpuppycat:Entertainmentbeecoin:Otherbeef_flaps:Adult and NSFWbeejsterb:Otherbeekeeping:Hobbies and Interestsbeer:Lifestylebeercellar:Otherbeercirclejerk:Lifestylebeercoins:Otherbeerdreams:Otherbeergeek:Lifestylebeeritforward:Otherbeermile:Otherbeermoney:Lifestylebeermoneybr:Otherbeermoneyglobal:Otherbeermoneyguides:Otherbeermoneyhomenetwork:Otherbeermoneyhumor:Otherbeermoneyindia:Otherbeermoneytt:Otherbeermoneyuk:Otherbeernerd:Otherbeerporn:Lifestylebeerreleases:Lifestylebeertrade:Lifestylebeervideos:Lifestylebeerwithaview:Generalbees:Hobbies and Interestsbeeswater:Otherbeetle:Hobbies and Interestsbeetlejuicing:Generalbeetusbot:Otherbefore_after_cumsluts:Adult and NSFWbeforeandafteredit:Hobbies and Interestsbeforenafteradoption:Lifestylebefriendingmonsters:Otherbeg:Otherbeggingforgold:Otherbeggingforit:Adult and NSFWbeginnerprojects:Technologybeginnersguide:Otherbeginnertelescopes:Otherbeginnerwoodworking:Hobbies and Interestsbeginning_photography:Hobbies and Interestsbeginprog:Otherbegleri:Hobbies and Interestsbehavioraleconomics:Businessbehavioralmedicine:Lifestylebehaviordesign:Otherbehaviorismcirclejerk:Sciencebehindcardsmodsbacks:Otherbehindtheaudiophile:Otherbehindthegifs:Generalbehindtheproject:Otherbehindthetables:Gamingbehrend:Educationbeijing:Locationsbeingeverythingelse:Otherbeinghuman:Entertainmentbelarus:Locationsbelfast:Locationsbelgianfootball:Otherbelgianmalinois:Otherbelgium:Locationsbelgiumcensorship:Otherbelgiumcirclejerk:Otherbelgiummeta:Otherbelicoin:Otherbelle_in_the_woods:Otherbellingham:Locationsbellyexpansion:Adult and NSFWbelmar:Otherbemeapp:Otherben:Otherben_pedt:Otherbenchjewelers:Otherbendingwallpapers:Entertainmentbenedictcumberbatch:Otherbenfica:Locationsbenfolds:Otherbengalcats:Otherbengali:Otherbengals:Sportsbengalurufc:Otherbenignexistence:Generalbenin:Otherbenjaminrmarsh:Otherbenlargefanclub:Otherbenq:Otherbenswann:News and Politicsbentley:Otherbenzoblotters:Adult and NSFWbenzodiazepines:Lifestylebenzorecovery:Lifestylebepis:Otherberensteinconspiracy:Otherberetta:Otherbergecraft:Otherbergen:Otherberkeley:Educationberkeleysnide:Otherberklee:Locationsberlin:Locationsberlinbicycling:Otherberlinsocialclub:Locationsbernesemountaindogs:Lifestylebernie2020:Otherbernie_sanders:News and Politicsbernieactivism:Otherbernieblitz:Otherberniebrainstorm:Otherberniecrats:Otherbernieforpresident:Otherberniesanderssucks:News and Politicsberniesdelegates:Adult and NSFWberniesrevolution:Otherberniethon:Otherbernitdown:Otherbernpatrol:Otherberntheconvention:News and Politicsberrygood:Otherberrytubelounge:Otherberserk:Entertainmentberserklejerk:Entertainmentbertstrips:Generalbesaints:Otherbesiege:Gamingbesiktas:Locationsbesoindeparler:Otherbest_nootropics:Otherbest_of_crypto:Technologybest_poetry:Otherbest_tattoos:Lifestylebestbuy:Technologybesterosfederation:Otherbesteurope:Otherbestiality:Adult and NSFWbestjokeev:Otherbestkpop:Otherbestlifehack:Otherbestmotoring:Otherbestof:Metabestof2013:Otherbestof2014:Otherbestof2015:Otherbestof2016:Otherbestof4chan:Otherbestof_exmormon:Otherbestofbapc:Technologybestofboston:Otherbestofbuddhism:Otherbestofcfb:Sportsbestofcirclejerk:Otherbestofclearandsweet:Otherbestofconservative:Otherbestofcracked:Generalbestofcraigslist:Generalbestofcrops:Otherbestofdarqwolf:Otherbestoferoshare:Adult and NSFWbestoff:Otherbestofkanyeculture:Otherbestoflegaladvice:Lawbestofliveleak:Generalbestofmcstories:Adult and NSFWbestofmindcrack2015:Otherbestofmlbtheshow:Otherbestofnetflix:Entertainmentbestofoutrageculture:Metabestofreddit:Metabestofrekt:Otherbestofrelevantun:Otherbestofreports:Metabestofrwbysub:Otherbestofrzen:Otherbestofsandersculture:Otherbestofsilver:Gamingbestofstreamingvideo:Generalbestofthefray:Otherbestoftldr:Generalbestoftypos:Otherbestofworldstar:Generalbestofwritingprompts:Hobbies and Interestsbestredditadvice:Otherbestship:Otherbestskindeals:Otherbesttestiv:Otherbesttorrents:Technologybestwoocommerce:Otherbeta:Metabetanetwork:Otherbetaorigins:Otherbetatests:Technologybetsmma:Otherbetta:Otherbettafish:Lifestylebetter_affair:Otherbetter_donald:Otherbetterbitcoin:Otherbettercallsaul:Entertainmentbetterchess:Otherbetterdeadthandread:Adult and NSFWbettereddit:Otherbettereveryloop:Generalbetterfap:Adult and NSFWbettergfmotes:Otherbetterhealth:Otherbetterhuman:Otherbetterment:Otherbettermentbookclub:Lifestylebetternews:Otherbetteroffted:Otherbetterponymotes:Otherbettersubredditdrama:Otherbetweentheburiedandme:Musicbeyonce:Entertainmentbeyondadventists:Otherbeyondbaby:Lifestylebeyondbitcoinshow:Otherbeyondthebasics:Otherbeyondthebump:Lifestylebeyondthegame:Gamingbeyondthelattice:Otherbeyondthesummit:Gamingbf1942:Otherbf1advancedtactics:Otherbf1platoons:Otherbf4:Gamingbf4_eu:Otherbf4_ps4_3rd_platoon:Otherbf4_x1:Otherbf4easteregghunt:Otherbf4emblems:Gamingbf_grand_lore:Otherbf_hardline:Gamingbfgarmada:Otherbfsherosrules:Otherbfvoip:Otherbfxvictims:Otherbgasl:Otherbgccirclejerk:Lifestylebgmll:Otherbgmlltimberwolves:Otherbgsu:Locationsbhampokemongo:Otherbharat:Locationsbhopal:Otherbhubaneswar:Otherbiasedlawpllc:Otherbible:Lifestylebiblecollege:Otherbibleexegesis:Otherbibleofgaben:Otherbiblereading:Otherbiblicalprophecy:Otherbibliographies:Otherbibros:Generalbicommunity:Otherbicuckold:Adult and NSFWbicycle_ja:Otherbicyclecss:Otherbicycleculture:Hobbies and Interestsbicycleengineering:Hobbies and Interestsbicycletouring:Hobbies and Interestsbicycling:Hobbies and Interestsbicycling412:Locationsbicyclingcirclejerk:Hobbies and Interestsbicyclingdeals:Otherbidenbro:Generalbiereqc:Otherbiffa2001:Otherbifl:Otherbifu:Otherbifweightloss:Otherbig3podcast:Otherbig4:Otherbig5:Otherbig8:Otherbig_brain:Otherbigbang:Musicbigbangcomics:Entertainmentbigbangtheory:Entertainmentbigbluewreckingcrew:Otherbigboobproblems:Lifestylebigboobsgw:Adult and NSFWbigbrother:Entertainmentbigchiefmason:Otherbigdata:Technologybigdatajobs:Technologybigdicklovers:Adult and NSFWbigdickproblems:Generalbigeast:Otherbigfinish:Otherbigfluffydogs:Otherbigfoot:Generalbigfootballfans:Otherbigfootsightings:Otherbigfoottouchedme:Otherbiggerthanyouthought:Adult and NSFWbiggestproblem:Otherbiggreenegg:Otherbigh:Otherbighero6:Entertainmentbigisland:Otherbigj76:Otherbiglittlelies:Otherbigly:Generalbigmenfashionadvice:Otherbigniggyclub:Otherbigonewild:Adult and NSFWbigprojects:Otherbigquery:Technologybigroad:Otherbigroom:Musicbigscreen:Otherbigseanmilitia:Otherbigseo:Businessbigshowfanclub:Otherbigstar:Otherbigsteps:Otherbigthighguys:Otherbiguys:Lifestylebigxii:Educationbih:Locationsbihar:Otherbike2loseit:Otherbikeatl:Otherbikeboston:Hobbies and Interestsbikebuilders:Hobbies and Interestsbikecammers:Otherbikecle:Otherbikecommuting:Hobbies and Interestsbikedc:Hobbies and Interestsbikedetroit:Hobbies and Interestsbikefit:Hobbies and Interestsbikegear:Hobbies and Interestsbikehalifax:Hobbies and Interestsbikehouston:Locationsbikein:Hobbies and Interestsbikeinottawa:Locationsbikela:Hobbies and Interestsbikemessengers:Hobbies and Interestsbikepacking:Hobbies and Interestsbikeporn:Hobbies and Interestsbikesgonewild:Hobbies and Interestsbikeshop:Hobbies and Interestsbikeslc:Hobbies and Interestsbikewrench:Hobbies and Interestsbikingatx:Hobbies and Interestsbikingmad:Hobbies and Interestsbikinibottomtwitter:Generalbikinis:Adult and NSFWbillboardsvsdatacaps:Otherbillburr:Entertainmentbillharper:Otherbillhicks:Entertainmentbilliards:Sportsbillings:Locationsbillions:Entertainmentbillmckibben:Otherbillmurray:Entertainmentbillsimmons:Otherbillstatue:Otherbillwurtz:Generalbillyplz:Otherbillytalent:Otherbillythefridge:Otherbiloxi:Locationsbimbofetish:Adult and NSFWbimbofication:Adult and NSFWbimboxxx:Adult and NSFWbinding:Otherbindingofisaac:Gamingbindingofisaacsatanic:Otherbing:Otherbingeeatingdisorder:Lifestylebingeit:Otherbinghamtonuniversity:Locationsbingingwithbabish:Generalbingmaps:Otherbingpong:Otherbingrewards:Lifestylebiochem:Otherbiochemistry:Sciencebioengineering:Technologybioethics:Sciencebiofeedback:Lifestylebiographyx:Adult and NSFWbioinformatics:Sciencebiolent:Otherbiology:Sciencebiome:Otherbiomebundle:Otherbiomesoplenty:Otherbionicleisbackbitches:Otherbioniclelego:Hobbies and Interestsbiophysics:Sciencebioregionalism_:Otherbioshock:Gamingbioshockinfinite:Gamingbiosoftness:Otherbiosphere:Otherbiotech:Sciencebiotech_stocks:Technologybiotechnology:Otherbipolar:Lifestylebipolar2:Otherbipolarart:Otherbipolardisorderreddit:Otherbipolarreddit:Lifestylebipolarsos:Otherbirb:Otherbirbs:Lifestylebird:Lifestylebirding:Lifestylebirdphotography:Otherbirdpics:Lifestylebirdsbeingdicks:Lifestylebirdsforscale:Artbirdshitart:Otherbirdstakingthebus:Otherbirdstakingthetrain:Lifestylebirdswitharms:Lifestylebirdswithtylerheads:Otherbirdteams:Sportsbirmingham:Locationsbirthcontrol:Lifestylebirthday:Otherbirthdaybuds:Otherbirthdayexchange:Otherbirthdaynotes:Otherbirthparents:Lifestylebirthstories:Otherbisco:Otherbiscuitapp:Otherbisexual:Lifestylebisexualadults:Lifestylebisexualteens:Otherbisexualuk:Otherbishoujosenshi:Otherbisonmasterrace:Otherbistitchual:Otherbistrotime:Otherbit451:Otherbitask:Otherbitbar:Otherbitbastion:Otherbitbay:Otherbitbean:Otherbitchaboutrsoccer:Otherbitchimabus:Generalbitchimatrain:Generalbitcloud:Otherbitcoin:Technologybitcoin_achievements:Otherbitcoin_classic:Technologybitcoin_core:Otherbitcoin_devlist:Otherbitcoin_exposed:Otherbitcoin_greece:Otherbitcoin_news:Otherbitcoin_nodes:Otherbitcoin_qi:Otherbitcoin_uncensored:Technologybitcoin_unlimited:Otherbitcoin_unmoderated:Otherbitcoinall:Technologybitcoinaus:Otherbitcoinbe:Otherbitcoinbeer:Otherbitcoinbeg:Technologybitcoinbegging:Otherbitcoinbeginners:Technologybitcoinbombers:Otherbitcoinbums:Technologybitcoinca:Technologybitcoinch:Otherbitcoinchristian:Otherbitcoincirclejerk:Technologybitcoinclassic:Otherbitcoincollegefund:Otherbitcoincolombia:Otherbitcoinde:Otherbitcoindk:Otherbitcoinfaucets:Otherbitcoinfrance:Otherbitcoinfunny:Otherbitcoingambling:Otherbitcoinhu:Otherbitcoinideas:Otherbitcoinjobs:Otherbitcoinjp:Otherbitcoinlab:Otherbitcoinmagazine:Technologybitcoinmallorca:Otherbitcoinmarket:Otherbitcoinmarkets:Technologybitcoinmaximalists:Otherbitcoinmediaproject:Otherbitcoinmex:Otherbitcoinmining:Technologybitcoinmtl:Otherbitcoinmusic:Otherbitcoinnepal:Locationsbitcoinnl:Otherbitcoinno:Otherbitcoinone:Otherbitcoinpuzzles:Otherbitcoinreferrals:Otherbitcoinreserve:Otherbitcoinru:Otherbitcoinscaling:Otherbitcoinserious:Technologybitcoinsouthafrica:Otherbitcoinspronto:Otherbitcoinstocks:Technologybitcoinswe:Otherbitcointechnology:Technologybitcointhailand:Otherbitcointhoughts:Otherbitcointip:Technologybitcointoday:Otherbitcoinuk:Technologybitcoinusa:Otherbitcoinvzla:Otherbitcoinwhores:Otherbitcoinxt:Technologybitcoinxttalk:Otherbitdefender:Otherbitfinex:Technologybitfinexcal:Otherbitfinexinsolvency:Otherbitgold:Otherbitlaw:Otherbitmark:Otherbitmarket:Technologybitmarkets:Otherbitmessage:Technologybitofnewsbot:Otherbitquest:Otherbitrussia:Otherbitshares:Technologybitsoup:Adult and NSFWbitsquare:Otherbitters:Otherbittippers:Technologybittorrent:Technologybitvid:Technologybitwars:Otherbitwasp:Otherbityard:Otherbiwife:Adult and NSFWbiwomen:Otherbizarrelegaladvice:Otherbjj:Lifestylebjjcollective:Otherbjjseminars:Lifestylebjork:Otherbjrs493:Otherblabseal:Otherblack4black:Otherblack_girls_rock:Otherblackaces:Otherblackatheism:Lifestyleblackbank:Adult and NSFWblackberners:Otherblackberry:Technologyblackberrydev:Technologyblackbookgraffiti:Artblackbooks:Otherblackborderproject:Otherblackchickswhitedicks:Adult and NSFWblackcocdown:Otherblackcoin:Technologyblackcrimematters:News and Politicsblackculture:Otherblackdesert:Otherblackdesertonline:Gamingblackfellas:Generalblackfield:Otherblackflag:News and Politicsblackfootbros:Otherblackfriday:Gamingblackfyrepowers:Otherblackgaze:Musicblackgirlgamers:Otherblackgirls:Generalblackhair:Lifestyleblackhat:Technologyblackhelicopters:Otherblackhippy:Otherblackice:Otherblackish:Otherblackjack:Locationsblackjesus:Entertainmentblackladies:Generalblacklagoon:Otherblacklegionshitposts:Otherblacklight:Gamingblacklivesmatter:News and Politicsblackmailed:Adult and NSFWblackmarketreferences:Otherblackmesasource:Gamingblackmetal:Musicblackmirror:Entertainmentblackmirrorirl:Otherblackops:News and Politicsblackops2:Gamingblackops3:Gamingblackops3zombies:Otherblackout2015:Metablackoutmodpack:Otherblackpeople:Otherblackpeoplegifs:Generalblackpeopletwitter:Generalblackpowder:Hobbies and Interestsblackpower:News and Politicsblacksharkcult:Otherblacksmith:Hobbies and Interestsblacksmithing:Hobbies and Interestsblacksmithpcw:Otherblackstarinitiative:Otherblacksteelalliance:Otherblacksun:Otherblacktears:Adult and NSFWblackwall:Otherblackwatch:Gamingblackwellacademy:Otherblackyoutubers:Otherbladeandsoul:Gamingbladeandsouluncen:Otherbladesinthedark:Otherbladesmith:Hobbies and Interestsbladex454:Otherblag:Otherblah:Otherblahlicus:Otherblakester731:Otherblancpain:Otherblankbanshee:Otherblankclan:Otherblankness:Otherblankpagesemptymugs:Otherblassie098giveaways:Otherblastbrawl2:Otherblastinaglass:Adult and NSFWblattbottest:Otherblazblue:Gamingbleach:Entertainmentbleachbravesouls:Gamingbleachfightforums:Otherbleachshirts:Hobbies and Interestsbleaktest2:Otherblender:Technologyblenderhelp:Otherblenderja:Otherblerds:Otherbless:Gamingbleutrade:Otherblind:Lifestyleblindguardian117:Otherblindpeopleproblems:Otherblindraids:Otherblink182:Musicblinked:Adult and NSFWblinkpool:Otherblinsinwriting:Otherblitzcrankmains:Otherblitzmains:Otherblizzard:Gamingblizzardcodes:Otherblockb:Otherblockchain:Technologyblockchaindetectives:Otherblockchainpoker:Otherblockhoodgame:Otherblockland:Otherblocklandishorrible:Otherblocknload:Otherblocknloaddrama:Otherblog:Metablogforceone:Otherblogger:Technologybloggers:Otherbloggershelp:Otherblogging:Technologyblogs:Technologyblogsnark:Technologyblokdust:Otherblonde_bimbo_brianna:Adult and NSFWblondeass:Adult and NSFWblono:Otherbloodandicecream:Entertainmentbloodborne:Gamingbloodbornelore:Otherbloodbornerp:Otherbloodbornesliders:Otherbloodbornethegame:Otherbloodbowl:Gamingbloodbowl2:Otherblooddonors:Otherbloodformercy:Otherbloodhunters:Otherbloodlad:Otherbloodline:Entertainmentbloodlinechampions:Gamingbloodnotes:Otherbloodshades:Otherbloodstained:Otherbloodsteelcraft:Otherbloodstone:Otherbloomexperiment:Otherbloomfieldmarket:Adult and NSFWbloomingents:Otherbloomington:Locationsbloomingtonnormal:Educationbloomingtrees:Otherbloomjackquisition:Otherbloomu:Locationsblotter:Otherblow_up_dolls:Adult and NSFWblowing_braces:Adult and NSFWblowingsunshine:Otherblowit:Generalblowjob:Adult and NSFWblowjobgifs:Adult and NSFWblowjobs:Adult and NSFWblowonyourscreen:Otherblubclub:Adult and NSFWblubclubsub:Otherbludots:Otherblueberryspicehead:Adult and NSFWbluebirds:Sportsbluecorner:Metabluecross:Otherbluedawg92:Otherbluedotvapors:Adult and NSFWblueexcorcist:Otherblueeyedmistress:Adult and NSFWbluefoot55:Otherbluegrass:Musicbluejackets:Sportsbluejacketsgwg:Otherbluejayshighlights:Otherbluekrill_:Otherbluelight:Otherbluelightcomplaints:Otherbluemidterm2018:News and Politicsbluemountains:Otherblueorigin:Sciencebluepxls:Otherblues:Musicbluesguitarist:Hobbies and Interestsblueshiftcommunity:Otherblueshiftmc:Otherblueskymarket:Adult and NSFWbluesradio:Otherbluesrock:Musicbluetooth:Otherbluetooth_earbuds:Otherbluewood:Otherbluhclub:Otherblunderyears:Generalblur:Otherbluray:Otherbmoremoto:Hobbies and Interestsbmw:Hobbies and Interestsbmwe36:Otherbmwtech:Otherbmx:Hobbies and Interestsbnestrong:Otherbnstc:Otherbo3pc:Otherbo3zombies:Otherboardgamedeals:Gamingboardgamedesign:Otherboardgameexchange:Gamingboardgamegreek:Locationsboardgameindustry:Otherboardgamerecommender:Otherboardgames:Gamingboardgamescirclejerk:Otherboardgamesqc:Otherboardmakers:Otherboardsofcanada:Musicboardwalkempire:Entertainmentboatbuilding:Hobbies and Interestsboating:Hobbies and Interestsboats:Otherbobdylan:Musicbobeau:Otherbobsburgers:Entertainmentboburnham:Entertainmentboddagetta:Otherbodegahomebrew:Otherbodilyautonomy:Otherbodkin_lightly:Otherbodyacceptance:Lifestylebodybeast:Otherbodyboarding:Hobbies and Interestsbodybuilding:Lifestylebodyinflation:Otherbodylanguage:Lifestylebodymods:Lifestylebodypaint:Lifestylebodyperfection:Adult and NSFWbodyshots:Adult and NSFWbodyweightfitness:Lifestylebofe:Otherbofhsysadmin:Otherbogans:Otherboggeyy:Adult and NSFWbogleheads:Businessboh5e:Gamingboib:Otherboigodmode:Otherboilerapp:Otherboilermakers:Sportsboinc:Otherbois:Generalboise:Locationsboise_idaho:Otherboisejobs:Locationsbojackhorseman:Entertainmentbokudakegainaimachi:Otherbokunoheroacademia:Entertainmentbokunoheroacademiarpg:Otherbolivia:Locationsbollardsrights:Otherbollywood:Locationsbolsonaro:Otherbolt:Otherboltedontits:Adult and NSFWboltev:Otherbolton:Otherbombing:Artbondage:Adult and NSFWbondageblowjobs:Adult and NSFWbondagegifs_highres:Adult and NSFWbondagewhore:Adult and NSFWboneandstone:Otherbonermaterial:Adult and NSFWbonersinpublic:Adult and NSFWbones:Entertainmentbonezonepodcast:Otherboniver:Musicbonnaroo:Musicbonnaroofestival:Otherbonsai:Hobbies and Interestsbonsaiporn:Hobbies and Interestsboobbounce:Adult and NSFWboobgifs:Adult and NSFWboobies:Adult and NSFWboobs:Adult and NSFWboocredux:Otherboogalized:Otherboogeeb:Otherboogie2988:Gamingbookbinding:Hobbies and Interestsbookclub:Entertainmentbookcollecting:Entertainmentbookdiscussion:Otherbookdownloads:Entertainmentbookexchange:Entertainmentbookforbo:Otherbookgiveaways:Otherbookguys:Otherbookhaul:Entertainmentbookiegg:Otherbookkeeping:Otherbooknfto:Otherbookofmoe:Otherbookofnikorasu:Otherbookofoa:Otherbookofthevishanti:Otherbookporn:Entertainmentbookquotes:Entertainmentbooks:Entertainmentbookscirclejerk:Otherbooksgetdrawn:Entertainmentbookshelf:Entertainmentbooksnippets:Otherbooksofhistory:Otherbooksuggestions:Entertainmentbookswitch:Otherbooktitles:Otherbookwormbeccy:Otherboolberry:Otherboombeach:Gamingboombeachrecruit:Otherboomrekt:Otherboomroasted:Otherboone:Otherboop:Generalboostedboards:Hobbies and Interestsboostforreddit:Technologyboosting:Otherbootcamp:Technologybootlegmtg:Otherbootroom:Sportsbootstrap:Technologyboottoobig:Generalbooty:Adult and NSFWborax:Otherbordeaux:Otherbordercollie:Lifestyleborderlands:Gamingborderlands2:Gamingborderlandsguns:Gamingborderlandspresequel:Gamingborderlessinternet:Otherbored:Otherboreddead:Otherboreddevs:Otherborednignored:Adult and NSFWboredwriting:Otherborgdao:Otherboringcompany:Technologyboringdystopia:Otherborntoday:Otherboro:Otherborrow:Lifestyleborrowtest:Otherborussiadortmund:Sportsboruto:Entertainmentbose:Otherbosskeyproductions:Otherboston:Locationsboston_celtics:Otherboston_running:Locationsbostonbeer:Lifestylebostonboardgames:Locationsbostonbruins:Sportsbostonceltics:Sportsbostoncollege:Locationsbostoncomedy:Otherbostonforsale:Locationsbostonhousing:Locationsbostonindie:Otherbostonjobs:Businessbostonmass:Otherbostonr4r:Lifestylebostonrss:Otherbostonsocialclub:Locationsbostonsupperclub:Otherbostonterrier:Lifestylebostontrees:Lifestylebostonu:Educationbotafogo:Otherbotania:Otherbotanicalporn:Sciencebotany:Sciencebotarmy:Otherbotcraft:Otherboth_sides:Otherbotideas:Otherbotkelsomd:Otherbotrequests:Otherbotrights:Otherbotsbyliam:Otherbotsrights:Generalbotswana:Otherbottest:Otherbottesting:Otherbottfly:Otherbottiquette:Metabottlecappers:Otherbottledigging:Otherbottledmessages:Otherbottomcomment:Otherbottomlinefirst:Otherbottomlulz:Generalbottomofyoutube:Otherbotwallpaper:Otherbotwatch:Metabotwatchman:Metabougwinner:Otherboulder:Locationsbouldering:Hobbies and Interestsboulderlist:Otherboulevardhangout2:Otherboundedlands:Otherboundlesspotential:Otherboundlessvapes:Otherbountyhunterscumclan:Otherbourbon:Lifestylebourbondemocrat:Otherbournemouth:Otherbovril:Otherbowenisland:Otherbowhunting:Sportsbowiepasta:Otherbowling:Sportsbowls:Otherbowmanville:Otherbowserjrmains:Otherbowsermains:Otherbowyer:Sportsbox5:Otherboxeo:Otherboxer:Lifestyleboxfarts:Otherboxing:Sportsboxingcirclejerk:Otherboxingdiscussion:Otherboxingfight:Otherboxingstreams:Sportsboxmodders:Otherboxmods:Otherboxoffice:Entertainmentboycottcensoredgames:Otherboyinaband:Otherboysandtheirtoys:Adult and NSFWboyscouts:Otherboysdocry:Otherbozemantproblems:Otherbpd:Lifestylebpd4bpd:Otherbpdart:Otherbpdlovedones:Lifestylebpdrecovery:Otherbpdsoffa:Lifestylebpdsupport:Otherbprd:Otherbpwomen:Otherbr_controls:Otherbraainsio:Otherbraceface:Adult and NSFWbraces:Otherbracketchallenge:Otherbrackets:Otherbracknell:Otherbradspel:Otherbraincancer:Lifestylebraincrackmc:Otherbrainfog:Otherbrainfuck:Otherbrainhealingdiet:Otherbrakebills:Entertainmentbrakeforcake:Otherbrampton:Locationsbranching_out:Otherbranding:Otherbrandmains:Otherbrandnew:Musicbrandon4466:Otherbrandonlawson:Otherbrandonsanderson:Entertainmentbrandywine:Otherbrapbible:Otherbrare:Otherbrasgonewild:Adult and NSFWbrasil:Locationsbrasil2:Otherbrasil_drama:Otherbrasilbitcoin:Otherbrasildob:Otherbrasilivre:Otherbrasov:Otherbrass:Hobbies and Interestsbrassholes:Otherbraummains:Otherbravearcheage:Otherbravefrontier:Gamingbraveknights:Otherbravelydefault:Gamingbravenewbies:Gamingbravenewrust:Otherbraveonion:Otherbraveryjerk:Generalbraves:Sportsbravestwarriors:Entertainmentbraveuncensored:Otherbravia:Otherbravorealhousewives:Entertainmentbrawlhalla:Gamingbrawlhallacirclejerk:Otherbrawlhallaclans:Otherbrazil:Locationsbrazilianjiujitsu:Otherbrb4wizzies:Otherbrbcalendarproject:Otherbrdapublic:Otherbrdev:Otherbreadit:Lifestylebreadwallet:Otherbreakawayminyan:Otherbreakbeat:Musicbreakcore:Musicbreakdance:Otherbreakfastatpiffanyz:Otherbreakinblocks:Otherbreakingbad:Entertainmentbreakingbumps:Otherbreakingbytes:Otherbreakingeggs:Otherbreakingfrd:Otherbreakingmom:Lifestylebreakingnequam:Otherbreakingparents:Lifestylebreakingup:Otherbreakmycode:Otherbreakup:Otherbreakupbuddy:Otherbreakups:Lifestylebrealism:Otherbreastcancer:Otherbreastenvy:Adult and NSFWbreastexpansion:Adult and NSFWbreastfeeding:Lifestylebreastsucking:Adult and NSFWbreath_of_the_wild:Gamingbreathinginformation:Generalbreathless:Generalbreedablepokemon:Otherbreeding:Adult and NSFWbreedingdittos:Gamingbreedingrejects:Otherbreitbartinaction:Otherbreitbarttech:Otherbreslin:Otherbretagne:Otherbrewbloods:Otherbrewers:Sportsbrewery:Otherbrewgearfs:Otherbrewhio:Otherbrexit:Otherbrexitdenial:Otherbrfc:Sportsbrgames:Otherbriandawkins:Otherbrickandbottlegaming:Otherbrickleberry:Otherbrickton:Otherbricktoncreative:Otherbridge:Otherbridgeporn:Architecturebridgeportpilsen:Otherbriefmacabrestories:Otherbriggs:Gamingbriggsgaming:Gamingbrighton:Locationsbrightonhovealbion:Sportsbrightonvapeclub:Otherbrilliantbritain:Otherbrilliantsoberchoices:Otherbringbackpao:Otherbringbackreddit:Otherbringbackrobotwars:Otherbringbackthebutton:Otherbrisbane:Locationsbrisbanebroncos:Sportsbrisbanelions:Otherbristol:Locationsbristoljobs:Locationsbristoltrees:Otherbritain:Locationsbritainstaysin:Otherbritguard:Otherbritish:Otherbritish_tea_company:Otherbritishbootcamp:Otherbritishcolumbia:Locationsbritishcommunists:Otherbritishmetal:Musicbritishmilitary:News and Politicsbritishpolitics:News and Politicsbritishproblems:Locationsbritishrepublicans:Otherbritishshowerthoughts:Otherbritishsuccess:Locationsbritishtv:Entertainmentbritneyspears:Otherbritpics:Generalbritpolitics:Otherbrittanyspaniel:Otherbrittneywhite:Adult and NSFWbrn:Otherbroadcasting:Otherbroadchurch:Entertainmentbroadcity:Entertainmentbroadway:Entertainmentbrocabulary:Generalbrocade:Otherbrocaloids:Otherbroccoli:Otherbroduce101:Otherbrogres:Generalbrogress:Lifestylebrogueforum:Otherbrokebackmountain:Otherbrokehugs:Lifestylebroken_rubber:Otherbrokenfeels:Otherbrokengifs:Generalbrokenjokes:Otherbrokn9:Otherbrom:Otherbromley:Otherbromotions:Otherbrompton:Otherbronyh8:Otherbroodwar:Gamingbrookecandy:Otherbrookhavenms:Otherbrooklyn:Locationsbrooklynninenine:Entertainmentbroopgames:Otherbroslikeus:Adult and NSFWbrosontoes:Otherbrostep:Musicbrotherche:Otherbrovaltine:Otherbrovillecity:Otherbroward:Locationsbrownbeauty:Lifestylebrowneyedgirls:Otherbrownladies:Otherbrownman:Gamingbrowns:Sports